date,nodes,pos_edges_cos,neg_edges_cos,pos_edges_ssa,neg_edges_ssa
2020-05-12,217,18066,7140,37915,26042
2020-05-13,217,18128,7324,37731,26066
2020-05-14,217,18110,7384,37433,26144
2020-05-15,217,18042,7594,37219,26460
2020-05-18,217,17784,7806,37067,26684
2020-05-19,217,17708,7736,36943,26880
2020-05-20,217,17366,7962,36597,27124
2020-05-21,217,17004,8268,36267,27516
2020-05-22,217,17238,7496,36987,27198
2020-05-25,217,17800,6338,38687,26932
2020-05-26,217,18108,6120,39259,26768
2020-05-27,217,18304,6154,39427,26598
2020-05-28,217,18434,6126,39031,26212
2020-05-29,217,18794,6316,38879,25824
2020-06-01,217,19142,6180,38749,25056
2020-06-02,217,19600,5664,39861,25064
2020-06-03,217,19670,5118,40933,25080
2020-06-04,217,19508,4894,41321,25120
2020-06-05,217,18836,4912,41079,25712
2020-06-08,217,18066,5028,40949,26338
2020-06-09,217,18104,5032,40885,26304
2020-06-10,217,18330,5324,40521,26102
2020-06-11,217,18210,5518,39987,25802
2020-06-12,217,18036,5546,39547,26228
2020-06-15,217,17756,5450,39839,26620
2020-06-16,217,17428,5586,39429,26912
2020-06-17,217,17318,5656,39813,27232
2020-06-18,217,17306,5428,40099,26950
2020-06-19,217,17208,5158,40289,26878
2020-06-22,217,16864,5018,40221,26906
2020-06-23,217,16718,5084,39803,26760
2020-06-24,217,17138,5068,39609,26016
2020-06-29,217,17110,5398,38939,25936
2020-06-30,217,17292,6066,38037,25870
2020-07-01,217,18058,5688,38593,25232
2020-07-02,217,19754,4382,41191,23828
2020-07-03,217,22866,2976,43517,21298
2020-07-06,217,26976,1722,45185,18124
2020-07-07,217,30782,1254,45811,14864
2020-07-08,217,33248,1084,45987,12830
2020-07-09,217,35214,900,46185,11298
2020-07-10,217,36254,778,46307,10268
2020-07-13,217,37130,666,46417,9432
2020-07-14,217,37872,570,46513,8760
2020-07-15,217,38456,488,46591,8218
2020-07-16,217,38798,450,46621,7888
2020-07-17,217,39140,442,46625,7566
2020-07-20,217,39408,426,46657,7314
2020-07-21,217,39642,430,46629,7060
2020-07-22,217,39886,410,46657,6720
2020-07-23,217,40542,344,46727,6078
2020-07-24,217,41080,282,46767,5496
2020-07-27,217,41784,204,46879,4838
2020-07-28,217,42496,128,46955,4004
2020-07-29,217,42824,112,46973,3686
2020-07-30,217,42508,122,46963,4058
2020-07-31,217,42160,338,46749,4516
2020-08-03,217,41300,574,46429,5384
2020-08-04,217,40064,1224,45833,5522
2020-08-05,217,38446,1302,45713,6834
2020-08-06,217,35622,1382,45601,9740
2020-08-07,217,32024,1520,45439,13476
2020-08-10,217,26678,1860,44975,18622
2020-08-11,217,20418,3268,43221,24526
2020-08-12,217,16054,6200,39363,28726
2020-08-13,217,14956,7758,37099,29950
2020-08-14,217,14822,8080,36743,30214
2020-08-17,217,14588,7286,37249,30242
2020-08-18,217,14834,6660,38257,30032
2020-08-19,217,14736,6848,37947,30084
2020-08-20,217,14514,7112,37595,30408
2020-08-21,217,14446,7254,37059,30410
2020-08-24,217,14262,7498,36669,30266
2020-08-25,217,13874,7564,36035,30152
2020-08-26,217,13558,7368,36603,30724
2020-08-27,217,13428,7120,37059,30974
2020-08-28,217,13368,7170,37509,31180
2020-08-31,217,13486,7210,37629,31108
2020-09-01,217,13282,7618,37247,31116
2020-09-02,217,13084,7936,36959,31368
2020-09-03,217,13316,8460,36273,30920
2020-09-04,217,13770,8616,36085,31022
2020-09-07,217,14058,8518,36297,30888
2020-09-08,217,14200,8306,36621,30730
2020-09-09,217,14758,7650,37345,30064
2020-09-10,217,15488,7176,37867,29406
2020-09-11,217,16328,6760,38363,28436
2020-09-14,217,16566,7040,38071,28014
2020-09-15,217,16270,7784,37087,28092
2020-09-16,217,16282,8362,36513,28098
2020-09-17,217,16342,8620,35847,27924
2020-09-18,217,16276,8470,35765,27836
2020-09-21,217,16366,8228,36451,28084
2020-09-22,217,16430,8328,36465,27954
2020-09-23,217,16542,8162,36583,27814
2020-09-24,217,16666,7450,37243,27728
2020-09-25,217,16834,6848,38035,27422
2020-09-28,217,16900,6668,38477,27592
2020-09-29,217,17090,6444,38649,27062
2020-09-30,217,17350,6604,38381,26996
2020-10-09,217,17312,6776,38063,27266
2020-10-12,217,17722,5772,39147,26490
2020-10-13,217,18188,4880,40547,26004
2020-10-14,217,18214,4532,41069,25996
2020-10-15,217,18154,4538,40929,26410
2020-10-16,217,17980,4706,40879,26228
2020-10-19,217,17510,5036,40417,26758
2020-10-20,217,17422,5166,40189,26970
2020-10-21,217,17356,5202,40089,27284
2020-10-22,217,17322,5200,40233,27394
2020-10-23,217,17272,5118,40229,27294
2020-10-26,217,17104,5058,39983,27272
2020-10-27,217,17154,5546,39845,27498
2020-10-28,217,16888,5514,39805,27470
2020-10-29,217,16656,5420,39959,27912
2020-10-30,217,16134,5418,39747,28296
2020-11-02,217,15250,5864,39099,28996
2020-11-03,217,14806,6686,37781,29578
2020-11-04,217,14750,7316,36897,29634
2020-11-05,217,14938,7788,36493,29382
2020-11-06,217,15284,7442,37149,29058
2020-11-09,217,15412,6820,38325,29252
2020-11-10,217,15418,6568,38705,29550
2020-11-11,217,15262,6850,38211,29578
2020-11-12,217,15364,7404,37691,29590
2020-11-13,217,15182,8144,36443,29276
2020-11-16,217,15012,8694,35501,29352
2020-11-17,217,15004,8722,34893,29184
2020-11-18,217,15092,8786,34989,29272
2020-11-19,217,15138,8724,35033,29302
2020-11-20,217,15410,8744,35105,28862
2020-11-23,217,15838,8826,35031,28404
2020-11-24,217,16040,8792,35201,28576
2020-11-25,217,16102,8658,35279,28454
2020-11-26,217,16088,8706,35457,28748
2020-11-27,217,16020,8506,35627,28864
2020-11-30,217,16046,8308,35733,28422
2020-12-01,217,16344,8094,35591,27918
2020-12-02,217,16788,7670,36025,27026
2020-12-03,217,17130,7474,36757,27116
2020-12-04,217,17370,7336,37357,27010
2020-12-07,217,16786,7576,37065,27136
2020-12-08,217,15836,8160,36261,27940
2020-12-09,217,15310,8492,36073,28786
2020-12-10,217,15158,8464,36101,28936
2020-12-11,217,15542,8466,36427,28978
2020-12-14,217,15848,8788,36415,29020
2020-12-15,217,16058,9104,36193,29020
2020-12-16,217,16244,9206,36105,28790
2020-12-17,217,16412,9334,36153,28694
2020-12-18,217,16136,9398,35985,28824
2020-12-21,217,15722,9484,35807,29342
2020-12-22,217,15604,9748,35253,29292
2020-12-23,217,15648,10050,34247,28654
2020-12-24,217,15746,10140,34123,28798
2020-12-25,217,15658,10220,34427,28954
2020-12-28,217,15470,10168,34121,29110
2020-12-29,217,15292,10380,33929,29140
2020-12-30,217,15088,10998,33309,29314
2020-12-31,217,14872,11310,32743,28994
2021-01-04,217,14800,11468,32401,28728
2021-01-05,217,15044,11334,32915,28856
2021-01-06,217,15542,10478,34177,28774
2021-01-07,217,16210,9724,35249,28086
2021-01-08,217,16790,9076,36177,27698
2021-01-11,217,16912,8596,36815,27542
2021-01-12,217,16668,8548,36477,27796
2021-01-13,217,16846,8022,36983,27470
2021-01-14,217,17136,7644,37691,26886
2021-01-15,217,17306,7422,37917,26640
2021-01-18,217,17608,7230,38153,26450
2021-01-19,217,17718,7070,38285,26412
2021-01-20,217,17886,7000,38357,26278
2021-01-21,217,18034,6858,38437,25908
2021-01-22,217,17986,6640,38499,25540
2021-01-25,217,17866,6156,38431,25198
2021-01-26,217,17940,5956,38645,25474
2021-01-27,217,18152,5896,38781,25412
2021-01-28,217,18490,5680,39159,25084
2021-01-29,217,18914,5336,39865,24990
2021-02-01,217,19112,4980,40089,24930
2021-02-02,217,19202,4958,40101,24696
2021-02-03,217,19094,5198,40215,24922
2021-02-04,217,18686,5300,39859,24950
2021-02-05,217,18038,5728,39323,25496
2021-02-08,217,17366,6082,38977,26480
2021-02-09,217,17072,6464,38689,27138
2021-02-10,217,16476,7084,38251,27912
2021-02-18,217,16184,7300,38303,28238
2021-02-19,217,15842,7638,37831,28758
2021-02-22,217,15326,7754,37655,29434
2021-02-23,217,15004,8258,36943,30278
2021-02-24,217,15008,8694,36507,30490
2021-02-25,217,14838,9416,35887,30844
2021-02-26,217,14954,9752,35783,30874
2021-03-01,217,15106,9936,35465,30864
2021-03-02,217,15214,9928,35389,30656
2021-03-03,217,15344,9968,35341,30534
2021-03-04,217,15374,10012,35277,30400
2021-03-05,217,15294,10088,34929,30326
2021-03-08,217,15046,10254,34769,30424
2021-03-09,217,15106,9616,35557,30390
2021-03-10,217,15330,8762,36421,30186
2021-03-11,217,15320,8440,37089,30240
2021-03-12,217,15392,8512,36771,29884
2021-03-15,217,15836,8912,36009,28972
2021-03-16,217,16554,9280,35505,27738
2021-03-17,217,17300,9578,35425,27200
2021-03-18,217,17532,9962,35163,27372
2021-03-19,217,17724,10254,34465,27054
2021-03-22,217,17534,10810,33817,27122
2021-03-23,217,17510,11016,33479,26888
2021-03-24,217,17712,10580,33661,26440
2021-03-25,217,18118,9944,34451,26010
2021-03-26,217,18268,9714,34647,25760
2021-03-29,217,18276,9478,34719,25658
2021-03-30,217,18294,9276,34961,25750
2021-03-31,217,18084,9020,34879,25886
2021-04-01,217,17856,8516,35419,26446
2021-04-02,217,17538,8164,36183,26754
2021-04-06,217,17394,8024,36527,27054
2021-04-07,217,16696,8012,36193,27820
2021-04-08,217,15782,8494,35959,28614
2021-04-09,217,15144,8704,35863,29496
2021-04-12,217,14724,8224,35913,29920
2021-04-13,217,14360,7286,36501,30062
2021-04-14,217,14208,6956,37121,29730
2021-04-15,217,14362,6860,37383,29458
2021-04-16,217,14284,6962,36997,29190
2021-04-19,217,14022,6804,37015,28978
2021-04-20,217,14270,6732,37359,28852
2021-04-21,217,14382,6848,37459,29044
2021-04-22,217,14102,7240,37095,29318
2021-04-23,217,13938,7976,36153,29842
2021-04-26,217,13916,8420,35409,29742
2021-04-27,217,13960,8544,35623,30026
2021-04-28,217,13916,8802,35371,30026
2021-04-29,217,14104,8962,34951,29716
2021-04-30,217,14156,9224,34359,29512
2021-05-06,217,14122,9662,33731,29508
2021-05-07,217,13718,10074,32885,29640
2021-05-10,217,13446,10182,33343,30350
2021-05-11,217,13340,10322,33623,30908
2021-05-12,217,13276,10456,33737,31178
2021-05-13,217,13288,10602,33681,31244
2021-05-14,217,13242,10912,33129,31198
2021-05-17,217,13208,10702,33445,31258
2021-05-18,217,13412,10702,33815,31262
2021-05-19,217,13588,10800,33937,31236
2021-05-20,217,13696,10854,33593,30932
2021-05-21,217,13720,10942,33463,30956
2021-05-24,217,13584,10930,33519,31118
2021-05-25,217,13478,10522,33901,31282
2021-05-26,217,13584,9790,34895,31106
2021-05-27,217,13800,9290,35715,31140
2021-05-28,217,14126,8750,36187,30566
2021-05-31,217,14510,8520,36227,29984
2021-06-01,217,14892,8526,36041,29388
2021-06-02,217,15202,8482,36057,29084
2021-06-03,217,15468,8296,36249,28750
2021-06-04,217,15590,8038,36769,28876
2021-06-07,217,15654,7740,36935,28724
2021-06-08,217,15606,7456,37067,28556
2021-06-09,217,15676,7360,37005,28494
2021-06-10,217,15816,7562,36521,27868
2021-06-11,217,15614,7550,36317,27646
2021-06-15,217,15330,7428,36463,27636
2021-06-16,217,15518,7554,36865,27468
2021-06-17,217,16246,7520,37327,27168
2021-06-18,217,16534,7640,37059,26984
2021-06-21,217,16738,7764,37123,27066
2021-06-22,217,17178,8018,37051,27106
2021-06-23,217,17154,8320,36405,27166
2021-06-24,217,16738,8878,35681,27436
2021-06-25,217,16304,9294,35247,27894
2021-06-28,217,15922,9514,35043,28336
2021-06-29,217,15610,9872,34667,28432
2021-06-30,217,15472,10232,34299,28690
2021-07-01,217,15232,10402,34135,29062
2021-07-02,217,15202,10382,34131,29242
2021-07-05,217,15198,10240,34359,29284
2021-07-06,217,15072,10168,34137,29482
2021-07-07,217,14994,10214,34071,29700
2021-07-08,217,14770,9992,34175,29736
2021-07-09,217,14606,9918,34171,29834
2021-07-12,217,14404,9886,34301,30044
2021-07-13,217,14116,9804,34477,30266
2021-07-14,217,13818,9934,34071,30222
2021-07-15,217,13556,10284,33641,30434
2021-07-16,217,13436,10484,33037,30554
2021-07-19,217,13374,10742,32501,30342
2021-07-20,217,13486,10840,32065,30074
2021-07-21,217,13668,11108,31911,29878
2021-07-22,217,13936,11178,31813,29632
2021-07-23,217,13692,11074,31793,29596
2021-07-26,217,13438,11096,32119,30100
2021-07-27,217,13996,10712,32553,29596
2021-07-28,217,15052,9708,33309,28388
2021-07-29,217,15756,9976,33255,27902
2021-07-30,217,16418,10160,33615,27766
2021-08-02,217,16792,10396,33327,27586
2021-08-03,217,16820,10618,33065,27486
2021-08-04,217,16876,10660,33147,27768
2021-08-05,217,16902,10638,33575,27876
2021-08-06,217,16944,10650,33627,27888
2021-08-09,217,17158,10762,33559,27890
2021-08-10,217,17476,10706,33609,27732
2021-08-11,217,17720,10604,33921,27522
2021-08-12,217,17944,10544,33863,27054
2021-08-13,217,17934,10454,33695,26660
2021-08-16,217,17956,10330,34305,26882
2021-08-17,217,17980,10284,34469,26918
2021-08-18,217,17916,10138,34635,26832
2021-08-19,217,17626,10074,34863,27212
2021-08-20,217,17490,9906,35015,27366
2021-08-23,217,17252,9562,35581,27806
2021-08-24,217,16456,9072,35685,28126
2021-08-25,217,14990,9464,34987,29446
2021-08-26,217,13912,9356,34939,30650
2021-08-27,217,12642,9652,34089,31736
2021-08-30,217,11772,9932,33925,32854
2021-08-31,217,11770,10438,33837,32972
2021-09-01,217,12030,10524,33301,32314
2021-09-02,217,12794,10676,32967,31130
2021-09-03,217,13824,11126,32289,30144
2021-09-06,217,14404,11288,32449,29546
2021-09-07,217,14938,11060,32967,29138
2021-09-08,217,15386,10960,33471,29190
2021-09-09,217,15740,11038,33531,28854
2021-09-10,217,16146,10862,33725,28254
2021-09-13,217,16452,10768,33671,28064
2021-09-14,217,16428,10862,33805,28166
2021-09-15,217,16370,10902,33557,28102
2021-09-16,217,16358,10670,33737,28236
2021-09-17,217,16398,10314,34009,28266
2021-09-22,217,16534,9890,34673,28200
2021-09-23,217,16586,9772,34895,28074
2021-09-24,217,16512,9712,35321,28364
2021-09-27,217,16214,9492,35391,28446
2021-09-28,217,16142,9344,35713,28540
2021-09-29,217,16392,9258,35973,28506
2021-09-30,217,16750,9358,35977,28440
2021-10-08,217,16772,8898,36007,28328
2021-10-11,217,16624,8336,36701,28458
2021-10-12,217,16602,7644,37411,28800
2021-10-13,217,16450,7244,37891,28982
2021-10-14,217,16104,7240,37799,29234
2021-10-15,217,15390,7438,37619,29864
2021-10-18,217,14746,7642,37355,30418
2021-10-19,217,13918,8328,36541,31080
2021-10-20,217,13382,9464,35159,31260
2021-10-21,217,13146,10272,34057,31172
2021-10-22,217,13016,10532,33803,31178
2021-10-25,217,12958,10518,33531,31096
2021-10-26,217,12860,10424,33497,30908
2021-10-27,217,12478,10266,33343,31246
2021-10-28,217,12674,9650,34447,31624
2021-10-29,217,12724,9528,35111,31872
2021-11-01,217,12230,9332,34875,31954
2021-11-02,217,12132,9180,34677,31852
2021-11-03,217,12528,9604,34267,31452
2021-11-04,217,13016,10256,33797,31236
2021-11-05,217,13816,10910,33203,30782
2021-11-08,217,14302,11404,32511,30122
2021-11-09,217,14614,11826,32143,29874
2021-11-10,217,14854,12142,31717,29350
2021-11-11,217,15014,12258,31529,28968
2021-11-12,217,14980,12314,31745,29124
2021-11-15,217,14962,12302,31709,29202
2021-11-16,217,14934,12334,31433,29240
2021-11-17,217,14850,12390,31331,29312
2021-11-18,217,14794,12394,31115,28952
2021-11-19,217,14832,12436,30877,28800
2021-11-22,217,14802,12356,30871,28834
2021-11-23,217,14676,12184,31287,28990
2021-11-24,217,14570,11984,31693,29376
2021-11-25,217,14262,11746,31511,29358
2021-11-26,217,13884,11622,31901,29790
2021-11-29,217,13748,10916,33101,30526
2021-11-30,217,13382,10406,33841,31062
2021-12-01,217,12976,9858,34539,31508
2021-12-02,217,12498,9504,34417,31538
2021-12-03,217,12178,9144,34595,31510
2021-12-06,217,12036,8962,34577,31268
2021-12-07,217,12278,8988,34563,31032
2021-12-08,217,12828,8992,34463,30668
2021-12-09,217,13838,8574,35483,29986
2021-12-10,217,14588,8394,35957,29550
2021-12-13,217,15204,8208,36213,28688
2021-12-14,217,15272,8284,36151,28368
2021-12-15,217,15238,8350,35937,28480
2021-12-16,217,15248,8396,35999,28718
2021-12-17,217,15360,8440,35995,28810
2021-12-20,217,15406,8076,36477,28788
2021-12-21,217,15290,7966,36445,28936
2021-12-22,217,15240,8010,36191,29076
2021-12-23,217,15126,7920,36149,28626
2021-12-24,217,15040,7742,36443,28524
2021-12-27,217,14718,7876,36363,28694
2021-12-28,217,14708,7982,36093,28828
2021-12-29,217,14544,8164,35651,28766
2021-12-30,217,14654,8230,35197,28434
2021-12-31,217,15076,8388,35057,28132
2022-01-04,217,15186,8432,34779,27856
2022-01-05,217,14704,7952,35415,28162
2022-01-06,217,14072,7714,35919,29384
2022-01-07,217,12978,8210,35591,31034
2022-01-10,217,12460,9062,34891,31940
2022-01-11,217,12130,10462,33239,32102
2022-01-12,217,12378,11382,32517,32026
2022-01-13,217,12514,11846,31871,31772
2022-01-14,217,12790,11690,31769,31280
2022-01-17,217,13084,11572,31813,30716
2022-01-18,217,13306,11884,31521,30434
2022-01-19,217,13538,12204,31283,30480
2022-01-20,217,13648,12284,30703,29918
2022-01-21,217,13640,12228,30697,29868
2022-01-24,217,13880,12210,31043,30068
2022-01-25,217,14160,11734,31193,29494
2022-01-26,217,14462,11196,32081,29504
2022-01-27,217,14912,10632,32997,29110
2022-01-28,217,15628,9634,34545,28638
2022-02-07,217,15794,9532,34463,28106
2022-02-08,217,16036,9464,34083,27598
2022-02-09,217,16042,9224,34825,27872
2022-02-10,217,15724,8952,35197,28192
2022-02-11,217,15542,8786,35793,28686
2022-02-14,217,15624,8524,36437,28822
2022-02-15,217,15858,8326,36877,28446
2022-02-16,217,16078,8256,36939,27964
2022-02-17,217,16346,8356,36895,27774
2022-02-18,217,16614,8416,36897,27950
2022-02-21,217,16876,8520,36833,27672
2022-02-22,217,17084,8600,36637,27374
2022-02-23,217,17094,8584,36777,27550
2022-02-24,217,17010,8280,37171,27726
2022-02-25,217,17120,8250,37317,27872
2022-02-28,217,16738,8134,37567,28338
2022-03-01,217,16402,8164,37651,28674
2022-03-02,217,15854,8432,37181,29142
2022-03-03,217,15006,8774,36365,29734
2022-03-04,217,13950,10172,34379,30626
2022-03-07,217,13934,10258,34337,30978
2022-03-08,217,14998,8296,36173,30052
2022-03-09,217,17456,6090,39573,27942
2022-03-10,217,18826,5820,39851,26362
2022-03-11,217,20760,5620,39911,24286
2022-03-14,217,22486,5530,39993,22398
2022-03-15,217,24712,4404,41625,20526
2022-03-16,217,25960,4022,42041,19058
2022-03-17,217,26122,4108,41565,18918
2022-03-18,217,26370,4048,41223,18738
2022-03-21,217,26590,4128,41387,18494
2022-03-22,217,26788,4176,41423,18460
2022-03-23,217,26830,4168,41399,18448
2022-03-24,217,27028,4024,41531,18136
2022-03-25,217,27348,3684,41587,17910
2022-03-28,217,27716,3136,41823,17292
2022-03-29,217,27900,2990,42013,16902
2022-03-30,217,28038,2918,42141,16832
2022-03-31,217,28122,2910,42115,16244
2022-04-01,217,28190,2812,41953,15738
2022-04-06,217,28150,2680,41917,15518
2022-04-07,217,27584,2640,42067,16508
2022-04-08,217,26146,3320,41819,18062
2022-04-11,217,24578,3572,41897,20368
2022-04-12,217,23278,3878,41899,22080
2022-04-13,217,22174,4324,41419,22928
2022-04-14,217,19442,6114,38931,25366
2022-04-15,217,17132,9088,35633,27678
2022-04-18,217,16298,10344,34245,28514
2022-04-19,217,15596,11198,33191,28924
2022-04-20,217,15324,11394,33039,29178
2022-04-21,217,15294,10810,33105,29158
2022-04-22,217,15664,10062,34553,29066
2022-04-25,217,16456,8776,36199,28446
2022-04-26,217,17920,7322,38247,27198
2022-04-27,217,18998,6618,38957,26258
2022-04-28,217,19422,6624,38899,25872
2022-04-29,217,19430,6664,38619,25862
2022-05-05,217,19278,6592,38603,25932
2022-05-06,217,19270,6346,38681,25730
2022-05-09,217,19456,5840,39119,25448
2022-05-10,217,19674,5468,39501,25178
2022-05-11,217,19936,5170,39761,24996
2022-05-12,217,20384,4950,39641,24296
2022-05-13,217,21124,4836,40149,23572
2022-05-16,217,21788,4592,40605,22904
2022-05-17,217,22492,4448,40729,21996
2022-05-18,217,23506,4406,40749,21126
2022-05-19,217,23896,4428,40631,21090
2022-05-20,217,24286,4218,41105,20898
2022-05-23,217,24550,3984,41465,20852
2022-05-24,217,24186,3878,41371,20894
2022-05-25,217,23420,3862,41489,21464
2022-05-26,217,22142,4150,41047,22490
2022-05-27,217,19760,4912,40255,24320
2022-05-30,217,17268,6064,38939,26566
2022-05-31,217,16802,6354,38507,26410
2022-06-01,217,17448,6250,38851,25556
2022-06-02,217,18340,6196,38659,24768
2022-06-06,217,19076,6352,37843,23706
2022-06-07,217,20452,6476,37743,22798
2022-06-08,217,21904,6532,38007,21334
2022-06-09,217,22844,6108,38437,20356
2022-06-10,217,23388,5678,38913,19916
2022-06-13,217,23700,5608,38743,19370
2022-06-14,217,23328,5644,39165,20002
2022-06-15,217,23636,5096,40563,19158
2022-06-16,217,24244,4896,41041,19340
2022-06-17,217,24504,4844,41139,18870
2022-06-20,217,24532,4650,41253,18702
2022-06-21,217,24378,4562,41409,18626
2022-06-22,217,24322,4576,41445,18560
2022-06-23,217,24196,4616,41117,18626
2022-06-24,217,24212,4610,41081,18688
2022-06-27,217,24264,4616,40937,18552
2022-06-28,217,24416,4598,40957,18556
2022-06-29,217,24360,4616,40841,18552
2022-06-30,217,24016,4538,40729,18854
2022-07-01,217,23540,4426,40921,18992
2022-07-04,217,22814,4360,40927,19786
2022-07-05,217,21916,4390,40569,20884
2022-07-06,217,20944,4986,39577,21902
2022-07-07,217,20092,5702,38717,23126
2022-07-08,217,19326,6238,38089,23910
2022-07-11,217,18866,6440,37637,24330
2022-07-12,217,18852,6448,37545,24526
2022-07-13,217,18434,7038,37333,25372
2022-07-14,217,17886,7378,37207,25392
2022-07-15,217,17598,6838,37573,25428
2022-07-18,217,17442,6500,38189,25694
2022-07-19,217,17084,6488,38053,26060
2022-07-20,217,16966,6396,38203,26128
2022-07-21,217,17132,6292,38435,26028
2022-07-22,217,17288,6320,38491,25564
2022-07-25,217,17546,6460,38361,25524
2022-07-26,217,17558,6672,37947,25776
2022-07-27,217,17296,6912,37641,26102
2022-07-28,217,17044,6884,37281,26018
2022-07-29,217,16842,6868,37175,26348
2022-08-01,217,16794,6736,37161,26452
2022-08-02,217,17474,6238,37467,25720
2022-08-03,217,18570,5816,37845,24836
2022-08-04,217,19546,5594,38707,24198
2022-08-05,217,19704,5732,38963,23818
2022-08-08,217,19500,5862,38457,24026
2022-08-09,217,19742,6020,38121,23832
2022-08-10,217,19990,6340,37879,23750
2022-08-11,217,20150,6550,37665,23644
2022-08-12,217,20158,6694,37795,23448
2022-08-15,217,19984,7020,37123,23568
2022-08-16,217,20106,7122,37185,23872
2022-08-17,217,20142,6964,37463,24074
2022-08-18,217,20032,6798,37771,23932
2022-08-19,217,19530,6720,37817,24282
2022-08-22,217,18830,6764,38177,24938
2022-08-23,217,18244,6786,38417,25676
2022-08-24,217,17704,6620,38601,26430
2022-08-25,217,17352,6428,38845,26764
2022-08-26,217,16908,6484,39161,27620
2022-08-29,217,16496,6422,39363,28152
2022-08-30,217,15288,6840,38765,29202
2022-08-31,217,13830,7672,37075,30334
2022-09-01,217,12646,8954,35033,31518
2022-09-02,217,12362,9550,34219,31792
2022-09-05,217,12520,9706,34145,31560
2022-09-06,217,12566,9952,33473,31276
2022-09-07,217,12838,10298,32971,30996
2022-09-08,217,13218,10492,33251,30834
2022-09-09,217,13482,10772,33369,30780
2022-09-13,217,13698,10548,33625,30638
2022-09-14,217,13692,10672,33287,30298
2022-09-15,217,13712,10900,33149,30350
2022-09-16,217,13930,10268,33551,30262
2022-09-19,217,14556,9070,35409,30104
2022-09-20,217,15058,8552,36341,29768
2022-09-21,217,15708,8022,36893,29142
2022-09-22,217,16570,7590,37749,28204
2022-09-23,217,17476,7372,38301,27454
2022-09-26,217,18574,6902,38921,26472
2022-09-27,217,19342,6510,39305,25910
2022-09-28,217,19744,6246,39509,25376
2022-09-29,217,20162,5870,39905,24940
2022-09-30,217,20562,5476,40275,24414
2022-10-10,217,21084,4912,40557,23320
2022-10-11,217,21882,4552,41173,22346
2022-10-12,217,22526,4088,41407,21310
2022-10-13,217,22664,3774,41083,21124
2022-10-14,217,22694,3614,41251,20568
2022-10-17,217,22696,3510,40891,20540
2022-10-18,217,22646,3490,40901,20656
2022-10-19,217,22674,3380,40655,19954
2022-10-20,217,22894,3366,40297,19722
2022-10-21,217,22864,3382,40787,19672
2022-10-24,217,22676,3242,41745,20282
2022-10-25,217,22638,3046,42619,20400
2022-10-26,217,22086,3100,42603,21402
2022-10-27,217,20924,3530,42153,22888
2022-10-28,217,20364,3928,41789,24004
2022-10-31,217,19838,4212,41649,24700
2022-11-01,217,19042,4926,40887,25384
2022-11-02,217,18372,5686,39911,26080
2022-11-03,217,18092,6462,38959,26572
2022-11-04,217,18084,6932,38659,26910
2022-11-07,217,18016,7152,38401,27274
2022-11-08,217,17802,7618,38035,27642
2022-11-09,217,17724,8078,37699,27958
2022-11-10,217,17606,8302,37441,27920
2022-11-11,217,17894,7984,37879,27688
2022-11-14,217,18102,7584,38167,27356
2022-11-15,217,18408,7410,38231,26966
2022-11-16,217,18830,7094,38553,26440
2022-11-17,217,18952,6876,38813,26270
2022-11-18,217,19138,6702,39137,26002
2022-11-21,217,19176,6668,39127,25988
2022-11-22,217,18924,6646,38979,25994
2022-11-23,217,18802,6382,39179,25928
2022-11-24,217,18894,6066,39713,26336
2022-11-25,217,18364,5880,39981,26852
2022-11-28,217,17562,6486,39411,27794
2022-11-29,217,17474,7662,38295,27738
2022-11-30,217,17890,7716,38079,26806
2022-12-01,217,18824,7334,38559,25968
2022-12-02,217,19200,7256,38593,25786
2022-12-05,217,19556,7336,38595,25370
2022-12-06,217,20102,7542,38383,24844
2022-12-07,217,20394,7704,38071,24592
2022-12-08,217,20590,7748,38017,24402
2022-12-09,217,20468,8048,37679,24486
2022-12-12,217,20106,8088,37623,24690
2022-12-13,217,19742,8208,37435,24988
2022-12-14,217,18990,8604,36611,25674
2022-12-15,217,18684,8730,36237,25804
2022-12-16,217,18622,9026,35653,25752
2022-12-19,217,18726,8748,36017,25894
2022-12-20,217,19170,7624,37541,25610
2022-12-21,217,19860,6480,39009,25088
2022-12-22,217,20240,5682,39737,24554
2022-12-23,217,21064,4730,41025,23530
2022-12-26,217,22096,4562,41263,22502
2022-12-27,217,22628,4350,41031,21780
2022-12-28,217,22932,4128,41161,21584
2022-12-29,217,22708,4072,41307,21694
2022-12-30,217,22390,3978,41511,21996
2023-01-03,217,21858,4068,41561,22724
2023-01-04,217,20856,4172,41477,23814
2023-01-05,217,19922,3964,41831,24562
2023-01-06,217,19566,3846,41849,24764
2023-01-09,217,19690,3608,42121,24614
2023-01-10,217,19854,3438,42271,23910
2023-01-11,217,19910,3500,42055,23872
2023-01-12,217,20036,3638,41799,23190
2023-01-13,217,20352,3590,41961,22522
2023-01-16,217,21656,3010,42813,21316
2023-01-17,217,22832,2748,43483,20266
2023-01-18,217,23036,2658,43569,20154
2023-01-19,217,22688,2750,43401,20230
2023-01-20,217,23016,2638,43471,19864
2023-01-30,217,23472,2486,43445,19098
2023-01-31,217,23314,2666,42823,19226
2023-02-01,217,23436,2828,42789,19792
2023-02-02,217,23558,3040,42763,19894
2023-02-03,217,23210,3346,42553,20406
2023-02-06,217,22980,3534,42499,20842
2023-02-07,217,23124,3652,42573,20998
2023-02-08,217,23364,3836,42457,21202
2023-02-09,217,23402,4018,42255,21110
2023-02-10,217,23440,4204,42161,21312
2023-02-13,217,23166,4364,41867,21276
2023-02-14,217,23078,4370,41671,21124
2023-02-15,217,22870,4352,41813,21352
2023-02-16,217,22720,4320,41767,21156
2023-02-17,217,22472,4236,41775,21664
2023-02-20,217,21338,4508,41519,22754
2023-02-21,217,20046,4848,41027,23766
2023-02-22,217,19028,5322,40715,25158
2023-02-23,217,18362,5708,40231,26392
2023-02-24,217,17298,6532,39139,27736
2023-02-27,217,15650,7834,37405,29394
2023-02-28,217,14654,8402,36411,30082
2023-03-01,217,14038,8804,35483,30640
2023-03-02,217,13642,9240,34797,30850
2023-03-03,217,13710,9050,35185,30706
2023-03-06,217,13916,8980,35041,30236
2023-03-07,217,13772,9074,34405,29818
2023-03-08,217,13924,9138,34631,29938
2023-03-09,217,14218,9408,34949,30242
2023-03-10,217,14654,8926,35773,30182
2023-03-13,217,14894,8780,35949,29760
2023-03-14,217,14984,8820,35973,29682
2023-03-15,217,15222,9060,35645,29222
2023-03-16,217,15800,9100,35287,28516
2023-03-17,217,16202,9354,35025,27864
2023-03-20,217,16354,9662,35239,28300
2023-03-21,217,16280,9806,34987,28232
2023-03-22,217,16384,10012,34169,27824
2023-03-23,217,16528,10120,33725,27526
2023-03-24,217,16784,10168,34427,27772
2023-03-27,217,16956,10234,34589,27874
2023-03-28,217,17062,10326,34509,28024
2023-03-29,217,17022,10382,34153,28082
2023-03-30,217,17002,10744,33809,28232
2023-03-31,217,16724,11480,32825,28388
2023-04-03,217,16414,12072,32075,28476
2023-04-04,217,15824,12040,31937,28606
2023-04-06,217,15150,11456,32877,29472
2023-04-07,217,14776,11080,33913,30306
2023-04-10,217,14424,10568,34355,30478
2023-04-11,217,14080,9980,35015,30962
2023-04-12,217,13882,9574,35497,31022
2023-04-13,217,13646,9328,35739,31174
2023-04-14,217,13340,9222,35863,31326
2023-04-17,217,13384,8498,36327,31082
2023-04-18,217,13444,7668,37397,30516
2023-04-19,217,13672,7576,37411,30362
2023-04-20,217,13548,7680,36975,30560
2023-04-21,217,13438,7726,36615,30724
2023-04-24,217,13858,7446,37461,30728
2023-04-25,217,14542,7164,37927,30172
2023-04-26,217,15234,7094,38397,29728
2023-04-27,217,15548,7106,38229,29142
2023-04-28,217,15744,7376,37969,29046
2023-05-04,217,15644,7586,37529,28892
2023-05-05,217,15606,7876,37183,29136
2023-05-08,217,15500,8214,36801,29188
2023-05-09,217,15652,8594,36509,28962
2023-05-10,217,15788,8934,36311,28874
2023-05-11,217,15806,9228,35911,28706
2023-05-12,217,15906,9310,35745,28716
2023-05-15,217,16082,9304,35729,28512
2023-05-16,217,16230,9424,35709,28598
2023-05-17,217,16238,9552,35777,28850
2023-05-18,217,16044,9860,35415,29084
2023-05-19,217,15572,10530,34595,29430
2023-05-22,217,15302,10990,33769,29582
2023-05-23,217,15110,11212,33509,29428
2023-05-24,217,15364,10896,34079,29330
2023-05-25,217,15582,10098,35139,29346
2023-05-26,217,15540,9478,35613,29230
2023-05-29,217,15342,9362,35537,29594
2023-05-30,217,15266,9354,35767,29822
2023-05-31,217,15452,8996,36669,30018
2023-06-01,217,15588,8410,37077,29916
2023-06-02,217,15690,8204,37383,29752
2023-06-05,217,15838,7966,37517,29470
2023-06-06,217,16278,7938,37285,28904
2023-06-07,217,16770,7550,37427,28110
2023-06-08,217,16900,7260,37791,27754
2023-06-09,217,17002,7204,37679,27502
2023-06-12,217,17316,7162,37469,26972
2023-06-13,217,17628,7020,37631,26516
2023-06-14,217,17732,6932,37563,26252
2023-06-15,217,17632,6724,38117,26768
2023-06-16,217,17740,6288,38783,26752
2023-06-19,217,17732,5944,39427,27026
2023-06-20,217,17454,5862,39527,27620
2023-06-21,217,16770,6104,39175,28182
2023-06-26,217,15992,6070,39057,28748
2023-06-27,217,15446,6204,39413,29524
2023-06-28,217,15106,6210,39453,29888
2023-06-29,217,14688,6358,39229,30272
2023-06-30,217,14424,6550,38787,30618
2023-07-03,217,14136,6624,38301,30610
2023-07-04,217,14084,6476,38493,30502
2023-07-05,217,14098,6454,38769,30562
2023-07-06,217,13864,6560,38691,31012
2023-07-07,217,13464,6812,38231,31536
2023-07-10,217,13336,7220,37809,31714
2023-07-11,217,13484,7406,37271,31292
2023-07-12,217,13494,7374,36863,30660
2023-07-13,217,13732,7016,37525,30350
2023-07-14,217,14174,6620,38345,30170
2023-07-17,217,14158,6594,38361,30216
2023-07-18,217,13858,7122,37611,30624
2023-07-19,217,13516,7642,36757,30634
2023-07-20,217,13740,8128,35883,30126
2023-07-21,217,13844,8250,35801,30146
2023-07-24,217,13680,8234,35725,30394
2023-07-25,217,13828,7854,35523,29332
2023-07-26,217,14348,7792,35707,28764
2023-07-27,217,14892,8160,35375,28228
2023-07-28,217,15476,8434,35197,27752
2023-07-31,217,16542,7840,36243,26362
2023-08-01,217,17218,7992,36123,25940
2023-08-02,217,17406,8394,35861,25754
2023-08-03,217,17500,8708,35313,25842
2023-08-04,217,17972,8580,35339,25484
2023-08-07,217,18004,8522,35467,25608
2023-08-08,217,18028,8610,35423,25872
2023-08-09,217,18194,8736,35165,26020
2023-08-10,217,18104,8828,35149,26260
2023-08-11,217,17964,8732,35081,26054
2023-08-14,217,18288,7530,37109,25532
2023-08-15,217,18478,6866,37567,25104
2023-08-16,217,18928,6162,38803,25006
2023-08-17,217,19536,5318,40005,24804
2023-08-18,217,20174,4946,40591,24456
2023-08-21,217,21388,4458,41279,23646
2023-08-22,217,22296,3956,41983,22434
2023-08-23,217,23148,3756,42177,21536
2023-08-24,217,23944,3412,42447,20054
2023-08-25,217,25002,3164,42763,18844
2023-08-28,217,25344,2898,42861,18458
2023-08-29,217,25614,3030,42715,18118
2023-08-30,217,25874,2930,43011,17370
2023-08-31,217,26038,2752,43089,17088
2023-09-01,217,25692,2848,42879,17498
2023-09-04,217,25242,2872,42495,17472
2023-09-05,217,25148,2996,42297,17340
2023-09-06,217,24990,3198,42147,17808
2023-09-07,217,24642,3442,41779,18532
2023-09-08,217,24330,3616,42031,19394
2023-09-11,217,23654,3864,41873,20102
2023-09-12,217,23152,3886,41719,20396
2023-09-13,217,22768,3986,41791,21276
2023-09-14,217,21672,4220,41587,22240
2023-09-15,217,20480,4320,41295,22998
2023-09-18,217,19040,4850,40491,24846
2023-09-19,217,17758,5394,39825,26444
2023-09-20,217,16428,6394,38309,28066
2023-09-21,217,15292,7984,35921,29266
2023-09-22,217,14300,9694,33927,30206
2023-09-25,217,14184,10102,33285,30172
2023-09-26,217,14088,10604,33139,30490
2023-09-27,217,14140,10608,33501,30540
2023-09-28,217,14080,10588,33605,30516
2023-10-09,217,13840,10154,34217,30928
2023-10-10,217,13484,9860,34485,31132
2023-10-11,217,13262,9774,34545,31320
2023-10-12,217,13118,9844,34201,31336
2023-10-13,217,13348,10138,33931,30972
2023-10-16,217,13844,10526,33733,30896
2023-10-17,217,14246,10706,33403,30424
2023-10-18,217,14460,10672,33191,30010
2023-10-19,217,15410,9706,34581,29358
2023-10-20,217,16928,8070,36665,27988
2023-10-23,217,19204,6774,39031,25820
2023-10-24,217,20810,6178,40023,24020
2023-10-25,217,21402,6036,40053,23008
2023-10-26,217,22086,5828,40185,22256
2023-10-27,217,22400,5876,40203,22016
2023-10-30,217,22080,5794,39907,22072
2023-10-31,217,21958,5784,40115,22528
2023-11-01,217,22058,5828,40015,22374
2023-11-02,217,22224,5914,39935,22476
2023-11-03,217,22524,5868,40129,22336
2023-11-06,217,22448,5624,40389,22168
2023-11-07,217,22198,5464,40645,22322
2023-11-08,217,22194,5192,40855,22060
2023-11-09,217,22256,5038,41049,21862
2023-11-10,217,22396,4800,41169,21538
2023-11-13,217,22664,4442,41409,21046
2023-11-14,217,23006,4256,41649,20722
2023-11-15,217,23374,4160,41915,19864
2023-11-16,217,22766,3990,42219,20844
2023-11-17,217,20824,4046,41941,23168
2023-11-20,217,17764,4850,40521,25772
2023-11-21,217,14870,6420,38037,28610
2023-11-22,217,13550,7270,36527,30166
2023-11-23,217,12456,8774,34785,31418
2023-11-24,217,12260,9574,34383,32178
2023-11-27,217,12674,9318,34825,31790
2023-11-28,217,13526,9276,35009,31146
2023-11-29,217,14380,9240,34915,29970
2023-11-30,217,15216,9474,34797,29140
2023-12-01,217,15932,9864,34475,28216
2023-12-04,217,16538,10384,34161,27432
2023-12-05,217,17972,10024,34089,26034
2023-12-06,217,19762,9092,35365,24384
2023-12-07,217,21022,8738,36089,23424
2023-12-08,217,21492,8666,36155,23008
2023-12-11,217,21882,8668,36387,22788
2023-12-12,217,22008,8772,36217,22456
2023-12-13,217,21754,8932,35845,22552
2023-12-14,217,21628,9124,35593,22790
2023-12-15,217,21800,9056,35609,22936
2023-12-18,217,22080,8810,35881,22708
2023-12-19,217,22384,8662,36255,22386
2023-12-20,217,22548,8462,36345,22138
2023-12-21,217,22712,8204,36569,21962
2023-12-22,217,22828,8136,36631,21754
2023-12-25,217,22948,8108,36649,21526
2023-12-26,217,23218,8084,36487,21214
2023-12-27,217,23474,8060,36589,21162
2023-12-28,217,23468,7882,36303,20886
2023-12-29,217,23360,7296,36265,20944
2024-01-02,217,23474,6794,36433,20602
2024-01-03,217,23122,6306,37255,21584
2024-01-04,217,21964,6290,38041,22558
2024-01-05,217,20554,6530,38531,24424
2024-01-08,217,19618,6508,39101,25806
2024-01-09,217,19096,6636,39141,26578
2024-01-10,217,19048,6814,39013,26548
2024-01-11,217,19188,6908,39069,26330
2024-01-12,217,18988,7158,38757,26198
2024-01-15,217,18828,7524,38323,26464
2024-01-16,217,18452,8104,37613,26572
2024-01-17,217,18146,8598,36867,27058
2024-01-18,217,18006,8778,36379,26912
2024-01-19,217,17522,9482,35559,27348
2024-01-22,217,17654,9390,35471,27218
2024-01-23,217,17954,9102,35909,26870
2024-01-24,217,17770,9124,35815,26840
2024-01-25,217,17276,8666,36417,27158
2024-01-26,217,17138,8254,37345,27848
2024-01-29,217,17122,8410,37405,28408
2024-01-30,217,16750,8988,36907,29182
2024-01-31,217,16586,9290,36495,29442
2024-02-01,217,16608,9492,36267,29380
2024-02-02,217,16730,9504,36071,29200
2024-02-05,217,17022,9480,36489,28900
2024-02-06,217,16908,9448,36231,28746
2024-02-07,217,17036,9108,36479,28348
2024-02-08,217,17266,8784,36857,28042
2024-02-19,217,17814,8404,37785,27732
2024-02-20,217,18420,7946,38285,27006
2024-02-21,217,19386,7348,39197,26280
2024-02-22,217,20254,6794,40019,25542
2024-02-23,217,21216,6424,40419,24716
2024-02-26,217,22038,6086,40765,24018
2024-02-27,217,22658,6066,40803,23536
2024-02-28,217,23114,6140,40741,23216
2024-02-29,217,23580,5966,40979,22862
2024-03-01,217,24110,5570,41409,22322
2024-03-04,217,24458,5220,41805,21910
2024-03-05,217,25038,4760,42231,21338
2024-03-06,217,26006,4026,42863,20432
2024-03-07,217,27142,3144,43715,19224
2024-03-08,217,27996,2374,44563,18440
2024-03-11,217,28922,1856,45129,17430
2024-03-12,217,30734,1592,45333,14940
2024-03-13,217,31532,1582,45281,13890
2024-03-14,217,31404,1596,45209,13682
2024-03-15,217,31286,1660,45145,14102
2024-03-18,217,30920,1864,45011,14714
2024-03-19,217,29604,2052,44673,15886
2024-03-20,217,27728,2470,44125,17382
2024-03-21,217,25886,3144,42909,18734
2024-03-22,217,23728,4170,41651,20346
2024-03-25,217,21858,4806,40815,22122
2024-03-26,217,20262,5198,40307,23786
2024-03-27,217,18926,5734,39879,25784
2024-03-28,217,18144,6092,39377,26714
2024-03-29,217,17158,6630,38809,27648
2024-04-01,217,16382,6774,38689,28610
2024-04-02,217,15676,7120,38333,29256
2024-04-03,217,15062,7852,37607,30042
2024-04-08,217,14604,8420,36879,30186
2024-04-09,217,14542,9120,36227,30330
2024-04-10,217,14482,9858,35651,30930
2024-04-11,217,14174,10594,34525,31008
2024-04-12,217,14158,11144,33895,31062
2024-04-15,217,14278,11340,33611,30898
2024-04-16,217,14262,11402,33403,31024
2024-04-17,217,14256,11620,32971,30868
2024-04-18,217,14194,11696,32795,30552
2024-04-19,217,14318,11990,33159,31082
2024-04-22,217,14248,12316,32635,30990
2024-04-23,217,14170,12308,32043,30596
2024-04-24,217,14110,12264,31861,30464
2024-04-25,217,14042,12178,31631,30326
2024-04-26,217,13934,11922,31239,29888
2024-04-29,217,13920,11590,32117,29970
2024-04-30,217,13948,11340,33141,30508
2024-05-06,217,14166,10892,33371,30276
2024-05-07,217,14414,10508,33923,30248
2024-05-08,217,14502,10440,34113,30172
2024-05-09,217,14612,10100,34741,30298
2024-05-10,217,14900,9694,35469,30118
2024-05-13,217,15174,9476,35683,29620
2024-05-14,217,15488,9166,36069,29182
2024-05-15,217,15652,9178,36103,28974
2024-05-16,217,15710,9206,36135,29026
2024-05-17,217,15618,8946,36215,28670
2024-05-20,217,15638,8624,36213,28244
2024-05-21,217,15522,8610,35981,28126
2024-05-22,217,15498,8522,35805,27720
2024-05-23,217,15642,8564,35863,27616
2024-05-24,217,15692,8328,35863,27118
2024-05-27,217,15942,8348,35849,27320
2024-05-28,217,16218,8450,35711,27454
2024-05-29,217,16648,8654,35989,27632
2024-05-30,217,16642,8658,36169,27664
2024-05-31,217,16602,8540,36321,27604
2024-06-03,217,16242,8280,36057,27476
2024-06-04,217,15844,8176,36301,28116
2024-06-05,217,15612,8216,36155,28282
2024-06-06,217,15486,8454,36247,29038
2024-06-07,217,15286,8834,36061,29302
2024-06-11,217,15516,8976,35241,28768
2024-06-12,217,15658,9310,34781,28706
2024-06-13,217,15882,9566,34569,28290
2024-06-14,217,16180,9574,34603,28350
2024-06-17,217,16462,9516,34639,28246
2024-06-18,217,16684,9714,34499,28146
2024-06-19,217,16686,9946,34439,28012
2024-06-20,217,16704,10120,34533,27968
2024-06-21,217,17104,10180,34527,27460
2024-06-24,217,17852,10226,34677,26662
2024-06-25,217,18538,10114,34961,26026
2024-06-26,217,19266,10100,34757,24902
2024-06-27,217,19930,10178,34419,23944
2024-06-28,217,20194,10396,34127,23936
2024-07-01,217,19630,10394,34241,24882
2024-07-02,217,18890,10374,34741,25934
2024-07-03,217,18276,10172,34727,26552
2024-07-04,217,17992,10236,34641,26834
2024-07-08,217,18036,10190,34619,26534
2024-07-09,217,18186,10408,34597,26374
2024-07-10,217,18174,10630,34163,26414
2024-07-11,217,17936,10592,34075,26116
2024-07-12,217,17748,10618,33753,26012
2024-07-15,217,17642,10678,33745,26042
2024-07-16,217,17624,10792,33753,25988
2024-07-17,217,17596,10806,33707,26076
2024-07-18,217,17408,10754,33631,26270
2024-07-19,217,17290,10542,33479,26086
2024-07-22,217,17220,10470,33501,26442
2024-07-23,217,17018,10728,33463,26716
2024-07-24,217,16556,10488,33467,27386
2024-07-25,217,16298,10080,34449,28042
2024-07-26,217,15898,9926,34561,28616
2024-07-29,217,15480,9558,34821,28788
2024-07-30,217,15226,8970,35711,29052
2024-07-31,217,14902,8522,36543,29628
2024-08-01,217,14428,8096,37151,30112
2024-08-02,217,14158,7952,37439,30624
2024-08-05,217,13550,7780,37339,31198
2024-08-06,217,13366,7788,37021,31026
2024-08-07,217,13828,7578,37317,30584
2024-08-08,217,14244,7414,37541,30288
2024-08-09,217,14660,7220,37775,29874
2024-08-12,217,15126,6852,38091,29010
2024-08-13,217,15554,6666,38441,28602
2024-08-14,217,16092,6546,38643,27862
2024-08-15,217,16456,6508,38845,27612
2024-08-16,217,15986,6870,37891,27538
2024-08-19,217,15416,7294,37007,28358
2024-08-20,217,15228,7502,36927,28940
2024-08-21,217,15498,7680,37127,29208
2024-08-22,217,15968,7952,37247,29046
2024-08-23,217,16262,8114,37223,28712
2024-08-26,217,16248,8322,36821,28462
2024-08-27,217,16376,8714,36425,28406
2024-08-28,217,16868,8948,36305,27726
2024-08-29,217,17374,8900,36165,27002
2024-08-30,217,16966,8864,36025,26838
2024-09-02,217,16848,8846,35899,27112
2024-09-03,217,17108,8996,35709,26928
2024-09-04,217,17350,9134,35449,26752
2024-09-05,217,17460,9470,35191,26452
2024-09-06,217,17512,9614,35191,26768
2024-09-09,217,17774,9532,35357,27094
2024-09-10,217,18110,9356,35799,27080
2024-09-11,217,18272,9294,36031,26828
2024-09-12,217,18202,9322,36253,26894
2024-09-13,217,18226,9018,36733,26830
2024-09-18,217,18356,8698,36851,26486
2024-09-19,217,18248,8538,37121,26588
2024-09-20,217,17948,8402,37097,26762
2024-09-23,217,17638,8174,37289,27000
2024-09-24,217,17776,6974,38393,26582
2024-09-25,217,19524,4728,41601,24826
2024-09-26,217,22192,3538,42929,22388
2024-09-27,217,27550,2112,44665,17914
2024-09-30,217,33406,1302,45713,12380
2024-10-08,217,38052,638,46445,8142
2024-10-09,217,38664,616,46407,7494
2024-10-10,217,39178,688,46375,7078
2024-10-11,217,39618,666,46401,6678
2024-10-14,217,40030,630,46449,6260
2024-10-15,217,40440,612,46469,5908
2024-10-16,217,40760,590,46487,5570
2024-10-17,217,41022,580,46493,5320
2024-10-18,217,41308,566,46503,5054
2024-10-21,217,41698,578,46481,4724
2024-10-22,217,41914,586,46475,4532
2024-10-23,217,42096,596,46459,4342
2024-10-24,217,42300,590,46473,4158
2024-10-25,217,42382,570,46483,4070
2024-10-28,217,42408,532,46527,3964
2024-10-29,217,42468,482,46577,3968
2024-10-30,217,42470,468,46599,3972
2024-10-31,217,42036,456,46633,3842
2024-11-01,217,41922,538,46535,3654
2024-11-04,217,40126,1098,45785,6288
2024-11-05,217,37044,1302,45181,9054
2024-11-06,217,34592,1444,45175,11526
2024-11-07,217,30686,1716,44993,15162
2024-11-08,217,27484,2044,44517,18140
2024-11-11,217,24014,3250,42807,20916
2024-11-12,217,22598,5124,40609,22152
2024-11-13,217,22112,6036,39413,22286
2024-11-14,217,21800,6452,38887,22650
2024-11-15,217,21004,6414,39025,23406
2024-11-18,217,19816,6166,38683,24166
2024-11-19,217,19434,6078,38827,24860
2024-11-20,217,19122,6160,38821,25254
2024-11-21,217,18958,6120,38683,25266
2024-11-22,217,19154,5648,39385,25060
2024-11-25,217,19954,4782,40615,24598
2024-11-26,217,20636,4250,41485,24046
2024-11-27,217,20980,4264,41313,23500
2024-11-28,217,21174,4572,40675,23252
2024-11-29,217,21480,4912,39999,23076
2024-12-02,217,21674,5108,39965,23062
2024-12-03,217,21778,5110,39931,23068
2024-12-04,217,21758,4950,40141,22964
2024-12-05,217,21568,4998,40145,23568
2024-12-06,217,20694,5534,39601,24334
2024-12-09,217,20380,5202,39999,24666
2024-12-10,217,20544,4320,41023,24458
2024-12-11,217,20474,4422,41175,24418
2024-12-12,217,20666,4686,40613,23722
2024-12-13,217,21024,4724,40567,23274
2024-12-16,217,21378,4400,41061,23218
2024-12-17,217,21242,4252,41255,23388
2024-12-18,217,20928,4450,41395,24074
2024-12-19,217,20684,4650,41519,24526
2024-12-20,217,19648,4778,41479,25224
2024-12-23,217,18320,5158,40889,26266
2024-12-24,217,16790,5784,39951,27446
2024-12-25,217,15466,6396,38791,28430
2024-12-26,217,14870,6974,37843,28680
2024-12-27,217,14712,7682,36581,28746
2024-12-30,217,15010,8132,36059,28696
2024-12-31,217,15288,8370,35787,28294
2025-01-02,217,17032,6970,37685,27132
2025-01-03,217,19326,5444,40231,25354
2025-01-06,217,21664,4578,41491,23570
2025-01-07,217,23050,4228,41737,22416
2025-01-08,217,23628,4664,41465,21900
2025-01-09,217,24324,4880,41315,21376
2025-01-10,217,24718,5170,40921,20812
2025-01-13,217,25324,5008,41085,20176
2025-01-14,217,25710,5016,40981,19900
2025-01-15,217,25826,5052,40823,20038
2025-01-16,217,25912,4940,40915,20046
2025-01-17,217,26028,4886,41079,19878
2025-01-20,217,26188,4852,41493,19854
2025-01-21,217,26252,4696,41667,19804
2025-01-22,217,26192,4426,41817,19680
2025-01-23,217,26210,4404,41695,19524
2025-01-24,217,26400,4394,41637,19244
2025-01-27,217,26684,4272,41557,18660
2025-02-05,217,26632,4246,41443,18364
2025-02-06,217,26394,4398,40939,18178
2025-02-07,217,25970,4322,41109,18506
2025-02-10,217,24982,4168,40647,19226
2025-02-11,217,23740,4268,40509,20018
2025-02-12,217,22554,4368,40663,20756
2025-02-13,217,21880,4272,40617,21412
2025-02-14,217,21070,4174,40577,21932
2025-02-17,217,19882,4360,40447,23118
2025-02-18,217,17346,5668,38337,25496
2025-02-19,217,16220,6984,37027,26776
2025-02-20,217,16026,7360,36599,26956
2025-02-21,217,15902,7572,36323,26708
2025-02-24,217,15868,7696,36241,27000
2025-02-25,217,15702,7582,36477,27230
2025-02-26,217,15706,7598,36501,27218
2025-02-27,217,15752,7770,36067,27156
2025-02-28,217,15662,7630,36199,27066
2025-03-03,217,15264,7580,36355,27360
2025-03-04,217,15124,7502,36877,28006
2025-03-05,217,14956,7580,36919,28216
2025-03-06,217,15294,7676,37107,27748
