Date,Stock,Open,High,Low,Close,Volume,Turnover
2020-05-27,A,0.0008115973504206746,-0.003578058263442395,-0.014940388069921508,0.0005805326096187949,14.466585483587366,0.0067259900674215
2020-05-27,AAPL,-0.023013779141521508,-0.017202245595604897,-0.010832429121427916,0.004347613266801676,18.542413312149183,0.0075186023519395
2020-05-27,ABBV,-0.031634736412228026,-0.027850296796409886,-0.01956789568343549,-0.008080121100278809,16.34359650165785,0.0070828953558845
2020-05-27,ABT,-0.04028420859181696,-0.027273959422023892,-0.011277903497615257,0.014203497093960097,15.50571725287733,0.0031254901056321
2020-05-27,ACGL,0.024897549906014914,0.021364808108571758,0.020216556726081115,0.017872694276990782,14.885758007999197,0.0077614474762852
2020-05-27,ACN,-0.005228989977318878,-0.0002003264248171263,0.0009175922447119294,0.017813650116571867,14.508908207154333,0.003195554259933
2020-05-27,ADBE,-0.04648594178401014,-0.040606845608741955,-0.03632316491674084,-0.0038839937613704095,15.083387588555315,0.0083371656499296
2020-05-27,ADI,-0.0004392853496487265,0.001300733337443627,-0.008207852945690403,0.01741618480857367,14.417419805854916,0.0036808232656418
2020-05-27,ADM,0.038097729577117725,0.04322923810150874,0.03837323257146157,0.04913681187092143,15.2475191669936,0.0087202909054557
2020-05-27,ADP,0.0236316476222077,0.03913534879290953,0.020562550482602797,0.04055708078070953,15.050866034250317,0.0084537849401154
2020-05-27,ADSK,-0.003367158623597458,-0.019869324119928887,-0.031245354995423573,0.0014023079468551633,14.600781483396274,0.0102957746478873
2020-05-27,AEE,0.012731917217319151,-0.002499341928022077,-0.016458275450978124,-0.0035393561107168957,14.765816555048481,0.009574026483819
2020-05-27,AEP,0.01918595077669338,0.008750993293004328,0.012031818210137265,0.01884057255030761,15.081782158365103,0.0066435949871532
2020-05-27,AES,0.024635431132446785,0.004545296177030918,-0.01343375965556317,-0.008577149471325837,15.858780862110114,0.0108381986813216
2020-05-27,AFL,0.046357221813825365,0.035110364865194976,0.02990270127024577,0.025614639497132007,15.331516745192975,0.0083434867129772
2020-05-27,AIG,0.07382462779291248,0.03771680684937031,0.03025091317461765,0.01599506001184228,15.942253179487105,0.0143677424528745
2020-05-27,AIZ,0.02018734911293711,0.013629817963615466,0.007971935164061798,0.014865041984318308,12.822611422769967,0.0072835717613662
2020-05-27,AJG,0.014672226940658221,0.01128028389853239,0.013335647535153832,0.015467568983237933,13.822586464585797,0.0039380607601443
2020-05-27,AKAM,-0.026323859645065454,-0.021567915058368685,-0.02618377519150563,-0.0010997312647818447,14.266204575861492,0.010740854218069
2020-05-27,ALB,0.07797207833972769,0.043653573056468636,0.04885090857740076,0.0014669509840519773,14.280816294371743,0.0135357965508155
2020-05-27,ALGN,-0.003732690807254371,-0.012952655730325531,-0.025710876196377963,0.01405967275848417,13.911730323969618,0.015038866660081
2020-05-27,ALL,-0.015336387254148737,-0.0037778393095055903,0.007006565122954532,0.03838222971189409,14.813049793324836,0.0102314489899104
2020-05-27,ALLE,0.02686381421464441,0.018697953620427483,0.013605826668787974,0.014135760755738176,13.657219150477898,0.0098921780406626
2020-05-27,AMAT,-0.012868894550334973,-0.0047725058351968845,-0.030294204275014003,0.022593728426060052,16.020659322500975,0.0111658566369981
2020-05-27,AMCR,0.02473128803940632,0.0025530290402286096,0.003369866742718091,-0.0025323332617157883,15.594725168460695,0.0040995197453992
2020-05-27,AMD,-0.05015688673228929,-0.05121827205605646,-0.07701385831638125,-0.008496170185182575,18.44453887187187,0.0630386604897
2020-05-27,AME,0.011060929254172144,0.016469416027205776,0.01429155189390647,0.03642822774359075,13.940645171099543,0.0049114396317546
2020-05-27,AMGN,-0.0231642930976973,-0.014201550550461043,-0.019399509614470727,0.010778036211072201,14.891229788871504,0.0054580654380814
2020-05-27,AMP,0.05984746176564124,0.03940088505606456,0.04004483678834982,0.043184029872662455,13.781230658862162,0.0100851650072014
2020-05-27,AMT,-0.012059757423149778,0.016985682465099374,0.007013189784262331,0.03258774491432328,14.653191321969535,0.0049367892732417
2020-05-27,AMZN,-0.02180230745365169,-0.019862885834930146,-0.035441734073146894,-0.004747292931811086,18.431996488738168,0.0095301721363817
2020-05-27,ANET,-0.0032194680941134515,0.00028577413027430093,-0.014791533220285537,0.02206196946422377,15.822596571831664,0.0059265868802721
2020-05-27,ANSS,-0.024870371389140555,-0.020796589241279792,-0.03665017643921574,0.001263269613869673,13.056439363581543,0.0053404493689804
2020-05-27,AON,0.014982090858836014,0.01403748412228249,0.006244812261223844,0.014151318167101289,14.263780333796554,0.0072481148605095
2020-05-27,AOS,0.049406771699356186,0.04540355441360453,0.05063235150779114,0.05172823295279785,14.596348509673362,0.0185561665490952
2020-05-27,APA,0.02103712957755304,0.006168182838325948,-0.032167582537188315,-0.010280753888040756,16.618082810197162,0.0455865112369492
2020-05-27,APD,0.005467737401798137,0.0005404806098205435,-0.020569066897828996,-0.011163673824954307,13.840886839238967,0.004610384940398
2020-05-27,APH,0.01966574159438935,0.016272385940788663,0.014419504088760964,0.01625191402208864,15.708863606847029,0.0054808630076314
2020-05-27,APO,0.04678350205347098,0.022880475192037904,0.02058825403484292,0.0014691355106847563,14.33353083800938,0.0029426097321553
2020-05-27,APTV,0.04246041240760399,0.07064132733584162,0.01493165685499474,0.025439986261095726,14.8024465021248,0.0116933831925594
2020-05-27,ARE,0.018839401976007593,0.0100942623906561,-0.01355633176470048,0.006159254620987578,13.55531523963162,0.0044563529221558
2020-05-27,ATO,-0.0014072129216855893,-0.007800210987008439,-0.003394394530393654,0.016058722705070902,13.556741124342862,0.0048636661458595
2020-05-27,AVB,0.038111132586758585,0.01489844259059155,-0.0002540335430064415,-0.00945790726517636,13.830695678219392,0.0071314686276629
2020-05-27,AVGO,-0.006971625330498231,0.00247006241306974,-0.004952015311337325,0.01955789007766702,16.94279731509514,0.0048516041712219
2020-05-27,AVY,0.03705946259863748,0.02468379667098079,0.026486155114302586,0.017521625862544073,13.425723405908663,0.0085758427677734
2020-05-27,AWK,-0.004985852769332624,-0.012435635174439965,-0.017882269036427933,-0.0016577369995965769,13.683693124244087,0.0044946180679195
2020-05-27,AXON,0.013635990875454881,0.0,-0.04905095330757408,-0.0013202127794216694,13.441400211212715,0.0088364396221071
2020-05-27,AXP,0.06251388982012283,0.062070044146372357,0.041231045400092835,0.07070194619840646,16.21410567672241,0.015702853067047
2020-05-27,AZO,-0.023896357528270774,-0.010683246111490165,-0.004485371821630132,0.03604143589293318,12.693120812822663,0.0194575788913663
2020-05-27,BA,0.026704441244959277,0.025309175139093962,-0.009653026075945257,0.03256028359252201,17.305936055057135,0.0435932959770963
2020-05-27,BAC,0.09320261545394076,0.061867190707353435,0.052199926155434055,0.06767392884620922,18.583417608200637,0.0155650075121322
2020-05-27,BALL,0.03232651341394801,0.027892557441953614,0.024491316467483565,0.030489482224284582,14.489118586515378,0.0069456296128074
2020-05-27,BAX,-0.03201665006152175,-0.016851444975265556,-0.01929621304969321,0.010817208960373097,15.203728318165657,0.0078134382481615
2020-05-27,BBY,0.019615520669238818,0.0022151130263422516,-0.01218006798395752,-0.004919768206545843,14.878254189058099,0.0136930501017173
2020-05-27,BDX,-0.041775218221610205,-0.033901594893706144,-0.019292954607752506,0.007094874297011945,15.157442550244864,0.0133262329336031
2020-05-27,BEN,0.06776934399382892,0.03070852017131617,0.034495151067203335,0.020360834615503667,15.129933175475786,0.0070852951222411
2020-05-27,BG,0.031765578338849375,0.04515913844435295,0.036686807861921175,0.042559647994132,14.946041645062452,0.0231197002269198
2020-05-27,BK,0.07292690954937114,0.03263612711327879,0.05579834230626213,0.04453468470360271,15.808277166051052,0.0102536364836703
2020-05-27,BKNG,0.04115811937865592,0.013003663806639698,0.00029547786302586035,-0.027967598506189035,13.833253221854724,0.0310191618518247
2020-05-27,BKR,0.04008068892184203,0.02383254111718924,0.01904824924288808,0.033776678119641995,15.367150063571302,0.0047651839488635
2020-05-27,BLDR,0.05164320779297691,0.07000336399929745,0.057467321876607406,0.08079077385983414,14.57524151045975,0.0187941235944189
2020-05-27,BLK,0.021202362735167485,0.01348972951449311,0.007490195225004934,0.024095014641872803,13.98280392169023,0.0076253693024215
2020-05-27,BMY,-0.024855420382810307,-0.01622608612091472,-0.01794019778332097,0.0013251648909037793,16.763716171291435,0.009372948455773
2020-05-27,BR,-0.011201358518279315,-0.00854547527904491,-0.006357814292538931,-0.003592371636490041,13.928304278774712,0.0095659679197395
2020-05-27,BRO,0.011130635495483262,0.015597638367656711,0.012774597778188736,0.023291914637171965,14.104367689763327,0.0046572560950081
2020-05-27,BSX,-0.018259075864648682,0.0040426285410876065,0.004174145852265442,0.025911739861801675,16.063935197564287,0.006404565238575
2020-05-27,BX,0.03818060188054324,0.02591670941576057,0.00918832902179184,0.004437678952494311,15.410707750976574,0.0066799107226876
2020-05-27,BXP,0.0696364168031064,0.0531911314766233,0.023907435154970347,0.04951104071111017,14.866856870298296,0.0180738102196744
2020-05-27,C,0.11209094051477078,0.06893818382193531,0.08101247069425023,0.08149473508191768,17.591954384054592,0.0233766133469248
2020-05-27,CAG,0.0018266712118137009,0.013423188145289273,-0.003053245993005948,0.023396496301226134,14.694888726855892,0.0050473227461699
2020-05-27,CAH,-0.03738934354429464,-0.024261463151626226,-0.014405352494131657,0.021627543846607197,14.46334703899081,0.0079124718505762
2020-05-27,CAT,0.031738021060909075,0.032610354876396304,0.030149703557458118,0.04178574590533222,15.311264746072476,0.0093375208188612
2020-05-27,CB,0.010345622179159417,0.007390162334727466,0.014456307180216321,0.038547515385712945,15.152956265704272,0.0095069695048623
2020-05-27,CBOE,0.022870093708917464,0.008065127982225794,0.006747557577631369,0.012152459105643613,13.642229215022327,0.0080305982122392
2020-05-27,CBRE,0.06045795462843698,0.019263275847255804,0.02125502967414969,0.02716527795607611,14.59391804161176,0.007263462444124
2020-05-27,CCL,0.13038971773342317,0.09464956896823323,0.018785846091102926,0.05729484920770253,18.298012430987033,0.0758228511332006
2020-05-27,CDNS,-0.03808213599056723,-0.029704579399566774,-0.03512919399674245,0.0022324762580816907,14.44225134065723,0.0068224739136886
2020-05-27,CDW,0.009625731887448762,-0.0012674284238033374,-0.00799696446106258,0.02134274757553618,13.618644947309425,0.006232971836651
2020-05-27,CF,0.06176902004837751,0.02941376288665088,0.044313103464464605,0.027398798558411697,14.421137686726947,0.0110075865603351
2020-05-27,CFG,0.1306111846408416,0.0692386206853709,0.06902229090383373,0.06946671062639576,15.779779856027291,0.0162902017054022
2020-05-27,CHD,-0.026526200518667147,0.01115624532113715,0.0009982996073703686,0.03659088409727542,14.396720644504763,0.0072658567307301
2020-05-27,CHRW,-0.007126018993991408,0.005873596487134452,-0.00038436789311090184,0.024115519254691374,14.664507402831061,0.0197695957776142
2020-05-27,CHTR,-0.004358982174586364,0.01983329675946517,0.005514083688091117,0.029491159776725156,14.207147834085385,0.0104172828031039
2020-05-27,CI,0.014754620882947211,0.008299001867173155,0.0022273064605543478,0.017907574959513818,14.068757229371602,0.0047516119037431
2020-05-27,CINF,0.03512608012929141,0.02327208287009556,0.015788218583903894,0.03581304997668157,14.758170934448573,0.016394469588706
2020-05-27,CL,-0.023543764056165085,-0.011538015878821433,0.0049084244366260224,0.016569411985638095,15.15350739604716,0.0046991431832306
2020-05-27,CLX,-0.015590152656091311,0.008515331774188723,-0.008857477225977321,0.014453823757815759,14.513944240317304,0.0163211299618475
2020-05-27,CMCSA,0.004552558174352936,0.008436968806839161,0.005568349930741955,0.010321234906250499,16.843463185773192,0.0054764582816061
2020-05-27,CME,0.014011441930250753,0.005178038046795962,-0.04910564313094269,-0.033094959172584704,15.166903125954436,0.0107186858316221
2020-05-27,CMG,-0.06128010909992496,-0.059890630017228774,-0.023055122789872633,-0.026907498954083557,17.52370234763241,0.0300883903944187
2020-05-27,CMI,0.06798482719982823,0.025562584905001642,0.06769144622971826,0.026688579785315497,14.321846719157314,0.0120456204934917
2020-05-27,CMS,0.0019481127376390626,-0.005291945586339128,-0.004156507078170142,0.005194825075243487,14.389311544271775,0.0059341723167565
2020-05-27,CNC,-0.01402684678454246,-0.005309858330481263,-0.02720391496346177,0.01843660417265264,14.993211560937379,0.0065453775752933
2020-05-27,CNP,0.026998111880827336,0.016685424319035382,0.0011480054629881367,0.0005714784235214857,15.997756964907666,0.0135833209381559
2020-05-27,COF,0.08956323030265302,0.06692339083212917,0.057505464377349366,0.0743684194823178,15.599154014614925,0.0155408278057791
2020-05-27,COO,0.033606514729897424,0.02789725791508115,0.027749628316553816,0.03509375513446309,14.120935048703023,0.006787459575307
2020-05-27,COP,-0.010544217050427065,-0.00979966772066125,-0.01249157444006663,0.022640703570324987,15.567853468195835,0.0045627566490298
2020-05-27,COR,-0.04345684434980694,-0.01645018248193627,0.0017648897624773872,0.02770284348892611,13.969176263067443,0.0060197304680524
2020-05-27,COST,-0.004749536614125119,-0.0019241162741009583,-0.01346602631301476,0.003962201704103623,14.90750130587139,0.006716957706886
2020-05-27,CPAY,0.02375280986659277,0.03638872606028834,0.0009301212928971902,0.008235140074852104,13.7542743116437,0.0133893421405956
2020-05-27,CPB,-0.03038467455410931,0.004941365725655475,-0.0010647553583033394,0.027079408575890133,14.583301745557,0.007227129351758
2020-05-27,CPRT,-0.005967464251828163,-0.0006695409042119436,-0.01109907367646179,0.001923818542255424,15.83094690293045,0.0077673682162472
2020-05-27,CPT,0.02185879804975475,0.008065432355657846,-0.02040323369174314,-0.007734660526489986,13.769886426619468,0.0087813307107602
2020-05-27,CRL,-0.026859478962792307,-0.01904603825961385,-0.03335622402781284,0.018499758063427643,12.917062200011113,0.0082906280476507
2020-05-27,CRM,-0.031876332621348966,-0.03006274567057174,-0.027908261943773105,0.00045314036793695834,15.662421029380896,0.0065975026014568
2020-05-27,CRWD,-0.05408053831263085,-0.054200475193589615,-0.08623022642011301,-0.017287841791365464,15.764459086466276,0.0283262002178922
2020-05-27,CSCO,-0.016296817227338212,0.00392190139136357,0.002681607833899131,0.024670297927677116,16.913673103201486,0.0055695287285648
2020-05-27,CSGP,-0.01695152851613906,-0.026521055122859016,-0.041655608274336,-0.010157061362644687,14.917783139579392,0.007139080343433
2020-05-27,CSX,0.03224950269968995,0.024232791651124966,0.03741243487215914,0.020036273142503256,16.634511679253038,0.0089218279296535
2020-05-27,CTAS,0.023132802714639304,0.007696102927580941,0.0007281253343601245,-0.004560614931862173,14.914523099853708,0.0074326314134406
2020-05-27,CTRA,0.03148648906583606,0.033867779606476855,0.03946514112715591,0.043222825314449945,15.652817001394098,0.0082183390568724
2020-05-27,CTSH,0.02309652879770854,0.027629496455234367,0.021534275828181553,0.03849100526978939,15.126407924189792,0.0074997573875491
2020-05-27,CTVA,0.017927104721896278,0.004403102373546164,0.010264458344966093,0.006220780076367837,15.578699241701448,0.0085371480932213
2020-05-27,CVS,0.007725424750784556,0.006078868663322173,-0.007489755979103448,0.02036650629476248,15.778193679514912,0.0056388724627735
2020-05-27,CVX,0.023402268898287885,0.003703173239204394,0.0008689125384581022,0.0064102504004329534,15.872527665915136,0.0044784510396629
2020-05-27,CZR,-0.03676683517968315,-0.01568866441780884,-0.03049836987461866,0.03520895554622326,16.057145457399155,0.0443779407631773
2020-05-27,D,0.0017079396760369887,-0.0009670686452935653,0.005698929041538349,0.00911467308056121,15.089615864151712,0.0041955376292284
2020-05-27,DAL,0.12249234932880657,0.0737489431495634,0.018364060268595654,0.025785529834947935,18.345008482782454,0.1419883435521487
2020-05-27,DAY,0.007453040382090295,0.03229723453108068,-0.016905426833774724,0.03240433531595173,13.723067364424427,0.0057607006103802
2020-05-27,DD,0.012238871047092533,0.01186229759615274,-0.019499878425005383,-0.018231283364533994,15.721134432071212,0.0160660272141239
2020-05-27,DE,0.05087753826254604,0.021424221418204117,0.04115940917931434,0.035372871552755904,14.47634165346977,0.0071344878519464
2020-05-27,DECK,-0.01756415110092447,0.038698452475759156,0.019047168354592987,0.0811997949071534,15.278210481896696,0.0284475601881745
2020-05-27,DELL,0.004900982638366783,0.010367475629104742,-0.01612385350331849,0.024659806845313152,15.548890102906288,0.0157780595677596
2020-05-27,DFS,0.09653817749936876,0.09750950483454938,0.10028544694707986,0.11798479469384351,15.948611461435226,0.0335486189399612
2020-05-27,DG,-0.008381089887352243,0.020835234171766984,-0.001897070830406023,0.0372227097940232,15.0889444041683,0.0162452766804629
2020-05-27,DGX,-0.027700268201938584,0.005784999458569046,-0.01924009028635872,0.024443730863369047,14.335078456444693,0.0151498495197246
2020-05-27,DHI,0.020655365548273803,0.03072387601786274,0.029287775687334833,0.05126647659175496,15.832544772564978,0.0243528644256467
2020-05-27,DHR,-0.030163109329302096,-0.01057947409508563,-0.01416554148565605,0.013777764212887298,15.07080489127916,0.0049044238989038
2020-05-27,DIS,0.021493922643273187,0.010313153637553927,-0.005996486259550838,0.0047839679452661744,16.77796527477242,0.010701132605919
2020-05-27,DLR,0.004151367219371139,0.0009289292626880592,-0.012460198963408515,0.007058992903306171,14.58492455726225,0.0064098187411946
2020-05-27,DLTR,0.03330717988492393,0.0315694175958553,0.027146662101375604,0.02698017978171953,15.319921454678816,0.0209291289063615
2020-05-27,DOC,0.009569484900553631,0.016403236025686194,0.0039825314951771095,0.007411755935811441,15.465937043043724,0.0074566705772913
2020-05-27,DOV,0.04538346888148206,0.020957878325311943,0.034500964355960964,0.025826775630173767,13.569355511439687,0.0057039879762443
2020-05-27,DOW,0.04061360511824225,0.04308918196319313,0.028852100551972574,0.02620696565312828,15.746336220343741,0.0097698385191577
2020-05-27,DPZ,-0.030408380165618813,-0.0004263548139142774,-0.00030554406380869036,0.03762718815555576,14.066970197923677,0.0374930751960812
2020-05-27,DRI,0.02159418891609446,0.011200685978948882,0.0033272222333301394,0.038622442366714,14.93849052838967,0.0262676670141677
2020-05-27,DTE,0.02847545969308049,0.015427952331221515,0.004207832387095841,0.01085696737560009,14.195111384012062,0.0070437263273547
2020-05-27,DUK,-0.004033940501194541,-0.005566726344712158,-2.8532043101801797e-07,0.010928829274564116,15.098276335524721,0.0046415673246509
2020-05-27,DVA,0.0007673303448553298,-0.010458129129054148,-0.021056181818748645,0.008805039470774805,14.183966532240444,0.01806875
2020-05-27,DVN,-0.019018037624834325,-0.022935018054613468,-0.027628423413868952,0.009700906035663648,16.058228973079792,0.0145229236615097
2020-05-27,DXCM,-0.07176994812842036,-0.07971890689655343,-0.12249702225729082,-0.059795002882480706,16.279534081927746,0.0299714102533969
2020-05-27,EA,-0.045610925096040034,-0.022834956188527836,-0.044705933512883336,0.0063244113084975715,15.420679571601791,0.019103438749434
2020-05-27,EBAY,-0.015809338063535395,-0.002260457308946919,-0.010444164584780409,0.01805600846758904,15.979580545958283,0.0186834763948497
2020-05-27,ECL,0.013813266555767655,-0.0014440194394458217,0.0007413708231697427,0.013400018391951268,16.14326629561462,0.0361555259410724
2020-05-27,ED,0.014955938613105197,0.0028988876814724633,-0.0036780230890246304,0.0008424679261996572,14.29534136691603,0.0044858411993337
2020-05-27,EFX,0.02140969465335848,0.0030521501840101656,0.003884125210362868,-0.0023166789377917166,14.408174752798464,0.0144937058790535
2020-05-27,EG,-0.015007305203342104,-0.015007305203342104,-0.018207571793193093,-0.0012795461475904268,13.36515424983769,0.0149420275585936
2020-05-27,EIX,-0.008208822111833882,0.0043317715269953205,0.010888249799580333,0.018397981886961512,14.93634118120776,0.0079667760970744
2020-05-27,EL,0.03244037454899967,0.03715111765438522,0.032032770009080815,0.037531555760591945,14.552100775110718,0.0089199014034889
2020-05-27,ELV,0.008701556445345503,0.0057529518881961434,-0.010714403360126547,0.013422986709106183,14.114430003961465,0.0059561721845804
2020-05-27,EMN,0.0342692184302489,0.026379258819226616,0.012203419156174766,0.01604202462267156,14.300464989888138,0.0140663433223627
2020-05-27,EMR,0.046449904188741085,0.03928527929630861,0.044173464387044864,0.04325542272166537,15.259791004198615,0.0075169352003157
2020-05-27,ENPH,-0.0013380471946101437,-0.02332418775434462,-0.10049152540352381,-0.009803151692521044,15.586114655349675,0.0447791685088347
2020-05-27,EOG,-0.039014503319479095,-0.03043806697734552,-0.019089148350632953,0.024768723413416585,15.193924197611285,0.0071954368101185
2020-05-27,EPAM,-0.01324522675002068,-0.013464514335257296,-0.02635559311412139,0.0,13.1507583959161,0.0090841662840391
2020-05-27,EQIX,-0.02157884233456174,-0.012708075166060661,-0.015393712668435948,0.026292300555407322,13.227445654357357,0.0056778739488265
2020-05-27,EQR,0.04648956620006744,0.019094593331776433,0.007775704620072442,-0.0023254153775088236,15.211161261680044,0.0103317331804829
2020-05-27,EQT,0.10521031478672638,-0.006666949352992954,0.040394185695467766,-0.04011625626225759,15.750735393275512,0.0115921065373642
2020-05-27,ERIE,0.011682128023969899,0.007299501846330084,-0.008317719981328117,-0.021406612393789333,11.475233981948293,0.0020849074781712
2020-05-27,ES,-0.009191307035099171,-0.009692508835329886,-0.024078850581642063,-0.006946409812176183,14.451770405585583,0.0051470790786616
2020-05-27,ESS,0.024677818460446265,0.01854002554985359,0.005737255991154692,0.003351822129700644,12.850294777824237,0.0059214371883045
2020-05-27,ETN,0.049247071328887455,0.04760558358097785,0.04559553079380655,0.051854716917080726,14.97578254042009,0.0081445955784065
2020-05-27,ETR,0.01031652775113217,0.0022690522737977207,-0.012740345329661337,-0.002710684813979155,14.300403415467118,0.0037699757644415
2020-05-27,EVRG,-0.0026245909761042933,-0.0008146338184491197,0.008716136494721922,0.01721621308474818,14.445718471231567,0.0081647561890764
2020-05-27,EW,-0.033992438662698694,-0.027111242575644665,-0.026111642393836457,-0.0030459855465897914,14.981688344350356,0.0054795946362613
2020-05-27,EXC,0.010526282308197018,0.010173468357255216,0.002142437188209204,0.00900181390226448,15.948962779842285,0.0083641720661425
2020-05-27,EXPD,0.024292941429664944,0.013206533459053859,0.021303828598962803,0.02294652273254501,13.991814880795829,0.008658725649294
2020-05-27,EXPE,0.03338953003291041,0.006119022844278076,-0.020170412550902284,-0.014717778278587767,15.780060333362284,0.0578242820309079
2020-05-27,EXR,0.057290491985195625,0.024359997271706017,0.05169642596523245,0.023477296886744305,13.756080035427438,0.0044400991189576
2020-05-27,F,0.015088113032563388,0.016556521045940763,0.0034303199151235527,0.03201601075033516,18.519746598735733,0.0282699381125242
2020-05-27,FANG,0.02068803212496177,0.01615408465009858,-0.022638961143813047,-0.01345315059699332,14.843772268164008,0.0095081998073142
2020-05-27,FAST,0.021773174992802378,0.008666842531534496,0.011507773466444538,0.020434441228366095,15.488805697007525,0.0092913266326208
2020-05-27,FCX,0.031269253204700996,0.01276598217721565,-0.008879209288943967,0.003234339002921819,16.861241836174106,0.0146307422062082
2020-05-27,FDS,0.015204443719581373,0.010159703123919327,0.01787908839899995,0.01740767908243447,12.419573858556635,0.0065248727834274
2020-05-27,FDX,0.039927351541421956,0.031378907265942425,0.028202853982929283,0.044044188365391874,14.979598740798552,0.0133681688698811
2020-05-27,FE,-0.004839259894138711,-0.0057832292271226314,-0.001970527165440919,0.015840372876444797,15.445476520786098,0.0088433026037765
2020-05-27,FFIV,-0.0086100560226421,0.02528433463828072,0.008513817282111655,0.04332911783624978,13.810096930691588,0.0172516968100145
2020-05-27,FI,-0.008004925385244065,-0.005253272555885914,-0.013412652089086402,0.0010446898928610593,15.033859823952676,0.0060539873018368
2020-05-27,FICO,-0.006034020605941102,-0.011039030625477,-0.058326644412914276,-0.004068244935368169,12.61686023076031,0.0123390118971639
2020-05-27,FIS,-0.014316298880782589,-0.015339681139269134,-0.012616867322017592,0.010414069404605647,14.945880201159499,0.0058464164080257
2020-05-27,FITB,0.08286296856734877,0.06855017696328428,0.07754994645142443,0.08870330987974515,16.06662349847135,0.0142345250512534
2020-05-27,FOX,0.02056171887586132,0.032823343710663026,0.021142365504172027,0.024530393885429103,13.736251959463443,0.0039213690041682
2020-05-27,FOXA,0.03218351123798824,0.0306369197462169,0.01947210635601327,0.021132266232082343,15.47955047496236,0.024239947330376
2020-05-27,FRT,0.04141630715542461,0.013197753653534091,-0.0009757078030909546,0.00370662644903446,13.628097260230708,0.0096654123585965
2020-05-27,FSLR,0.05153773150390805,0.01630866688560842,0.002231696753293492,0.0010732905612485452,14.04598795079998,0.0117418873554643
2020-05-27,FTNT,-0.050506062606698134,-0.0501796271425612,-0.06626135287568713,-0.047500405126943174,16.636949025931806,0.021848592605761
2020-05-27,FTV,0.04137852968834674,0.035096915323659016,0.03841307109155799,0.03663537218711174,14.544088104301185,0.0060893064663343
2020-05-27,GD,0.04208482954970172,0.030479136673788418,0.03413303168025884,0.03931383898937442,14.457996349705443,0.0070839326035278
2020-05-27,GDDY,-0.03273792116771523,-0.004635010471727136,-0.01828746083279089,0.029336905824636078,14.14020007879713,0.009788052859447
2020-05-27,GE,0.06555038317116835,0.06822395874417285,0.04323423072730201,0.06958081187648854,17.20477849929411,0.027793735949858
2020-05-27,GEN,-0.0246926145096876,-0.027115256496700622,-0.04649596106958196,-0.0005034113695126717,15.818678457195361,0.0120274023508305
2020-05-27,GILD,-0.02186487762225361,0.009110437251036491,-0.00041450781707937394,0.02323172110350772,16.279559609169528,0.0094272557608624
2020-05-27,GIS,-0.00719493780311898,0.007755139679833639,-0.0016799192257404298,0.014908313477131648,15.014420869470392,0.0060564167243047
2020-05-27,GL,0.058030117063215245,0.03553649240687041,0.037420627301326434,0.020738969673841392,13.26784977335111,0.0069471473809146
2020-05-27,GLW,0.04053096561531517,0.023397916737498484,0.032687032122828835,0.03711400726933859,15.667926177923487,0.0074409091530447
2020-05-27,GM,0.025200777218864157,0.03314809270042634,-0.012555798589135326,0.014133040678736528,16.525605400694772,0.0151062010344694
2020-05-27,GNRC,0.007038121626081993,0.019254421570555142,0.016748542159486613,0.033746197377464544,13.895708022893057,0.018175260844768
2020-05-27,GOOG,-0.01402706228245316,-0.013455877973048647,-0.014867790004551814,0.0005785531519819737,17.333483089759017,0.006133527449981
2020-05-27,GOOGL,-0.01534652823423057,-0.013768137471925604,-0.017626686908689022,-0.0007672209917655175,17.27132241112798,0.0054318533083556
2020-05-27,GPC,0.05310987784665188,0.050227762819665664,0.05662701219896521,0.05837901804563149,13.818108181217784,0.0072242798057384
2020-05-27,GPN,-0.022016749634216536,-0.017717163292245538,-0.02042589368012753,0.0018018966446849943,14.375012625148022,0.0071165953570092
2020-05-27,GRMN,0.026520015167887736,0.012945901959500784,0.0167582555756158,0.017166830648963696,13.875382896886876,0.0055180765472651
2020-05-27,GS,0.08945058383483026,0.06677164358469616,0.07682309981912962,0.06706654242826406,15.917459521565421,0.0263267787855836
2020-05-27,GWW,0.03918882827438325,0.027198563869502174,0.027680257528369993,0.02767487678509997,12.727247530467041,0.0069917004695732
2020-05-27,HAL,-0.007503304986947786,0.010677598478965426,-0.02318704362726139,0.026601579398696194,16.815916940829986,0.0233110708779991
2020-05-27,HAS,0.06685059897652144,0.031163456149453324,0.05901659641492243,0.010828619252632475,13.913001086352876,0.007867205229579
2020-05-27,HBAN,0.11029515474285227,0.06371571453404759,0.07713562633322131,0.05728193399126153,16.23061159536661,0.007681784256635
2020-05-27,HCA,0.000450661098742632,0.0030760473011010657,0.011586186028103337,0.04122177460547259,14.545375803433432,0.0084271919212294
2020-05-27,HD,-0.022248405708678774,-0.003349365400091848,-0.005343269431365687,0.01992560565350028,15.355555733261523,0.0046932977036566
2020-05-27,HES,0.007310018076556146,-0.0008063042735213572,-0.01551039253497036,0.01550764428133056,14.187626375665529,0.0046904397690115
2020-05-27,HIG,0.033901415730584666,0.017797023750374192,0.0007787464451720227,0.016949414945213393,14.867555560038967,0.0100334621129743
2020-05-27,HII,0.043699598592071745,0.05378956328093463,0.043699598592071745,0.06262381402226697,12.976877383861467,0.0110180550316549
2020-05-27,HLT,-0.011697550845399559,-0.012463633475459372,-0.008262093451714784,0.01771444462865145,15.457764292883372,0.021563013847271
2020-05-27,HOLX,-0.035735127374702066,-0.040954232570048245,-0.023843783366909732,0.005659121778269284,14.878634174077444,0.0128272258360122
2020-05-27,HON,0.031427033883545785,0.03149670804612561,0.023840229542895254,0.024871037397132992,15.272193715813964,0.0066718276518967
2020-05-27,HPE,0.010526145981251905,0.021750942249576886,0.014893621551789686,0.03545702002703591,16.496641738200864,0.0111158815179066
2020-05-27,HPQ,2.8381913810495035e-07,0.0005725430169743341,-0.014192725557637382,0.0035111927945096545,16.526529747255925,0.015959003400876
2020-05-27,HRL,-0.02870607480526085,-0.008061220899768379,-0.014811830045733354,0.02590254845034105,14.901915640952035,0.0053892158771638
2020-05-27,HSIC,0.03417419471572186,0.03525168898893667,0.03291159907385498,0.04384582032017154,14.534082278312468,0.0167452984197466
2020-05-27,HST,0.028239148142725837,0.048712322499692866,0.03398605682265783,0.028353614380000818,16.779220599022427,0.027941109741477
2020-05-27,HSY,-0.02622341950723589,0.010485318247153054,-0.006199461672334762,0.03658737386682414,14.182859036527809,0.0097594446604948
2020-05-27,HUBB,0.013930263978378704,0.024349503576856644,0.016291462830601827,0.036562894140291034,13.185234884846334,0.0099385889265941
2020-05-27,HUM,-0.015136094697743846,-0.01170527184851007,-0.0325156178230975,0.005650277587017784,13.635547417917948,0.0069208653360178
2020-05-27,HWM,0.012075504585619417,0.055166296667296326,-0.003096077181871178,0.07093065594568315,15.642170685150623,0.015361317694529
2020-05-27,IBM,0.021530860879122458,0.025841717117001017,0.020125085723746564,0.030572577440183605,15.605763225870522,0.0064609054163647
2020-05-27,ICE,-0.004941777933803561,-0.007342153815752658,-0.022915215944890734,-0.014968683630864657,15.053914063941347,0.0060054170703582
2020-05-27,IDXX,-0.025298030109941905,0.008270232581893024,0.00282187232421411,0.03407121812392827,13.393307651170966,0.0080899320080455
2020-05-27,IEX,0.020476512788336194,0.01447809860312618,0.011578981949653535,0.026218714160341525,13.140205260167273,0.0067377866299439
2020-05-27,IFF,0.011962633209700561,0.0035784735714645068,0.013049401614112237,0.02301829938542288,13.600088370051434,0.0031524819628918
2020-05-27,INCY,-0.016872954738396444,-0.020527268914307107,-0.015303516843492635,-0.004672421714383159,14.704471613249181,0.0125700171554949
2020-05-27,INTC,-0.02158813268528934,-0.008611940092613206,-0.017047221870610064,0.019381103465460774,16.80554166068438,0.0045604610391348
2020-05-27,INTU,-0.028961118848661614,-0.030606683125890745,-0.03413831653536314,-0.0035142916425565723,14.207147834085385,0.0052918496958441
2020-05-27,INVH,0.0458093230453859,0.016895323670287947,0.010916144649751713,0.005343404091029708,15.066615295210982,0.0057012512247688
2020-05-27,IP,0.06656428973501144,0.04508205510346972,0.06370081687099899,0.04304502881861419,14.841724540371821,0.0052862414657987
2020-05-27,IPG,0.04546211538471025,0.04657080720654256,0.052824932091082695,0.036958069452004104,15.651175423140796,0.0168236064891864
2020-05-27,IQV,-0.006294480237270804,-0.0016972746062204134,-0.008352994708246003,0.022872361368660044,13.831384891372048,0.0057624136000946
2020-05-27,IR,0.0499194634995819,0.02686441419077945,0.020612261893574072,-0.013574128657335467,15.050168035355645,0.0085272758508341
2020-05-27,IRM,0.01227486526977513,0.0070893824390612994,0.010475463067122324,0.024250724554758383,14.895857377303317,0.0100282224143915
2020-05-27,ISRG,-0.014893013801510837,-0.0265476312685168,-0.019201038719710586,0.0064664193193354775,14.437699186352233,0.0051999161493285
2020-05-27,IT,0.023904813717461032,-0.00861137417277868,0.003913194228835025,0.014591609088729512,12.786613679689001,0.0046379926082803
2020-05-27,ITW,0.0409858632966938,0.026421861083018642,0.03903768897228512,0.017977311217583253,14.035048416574455,0.0042455496958447
2020-05-27,IVZ,0.1075772009916427,0.04959678321333867,0.06093238900228771,0.03402495552206876,15.867195551117245,0.0173746639394778
2020-05-27,J,0.039186572086965875,0.03829655017405798,0.039997762309338256,0.04380959936199365,14.081874505333001,0.0106509417025721
2020-05-27,JBHT,0.021624594017403444,0.041421484629881065,0.023301771816165065,0.04255933096771508,14.059006389409433,0.0127559795216382
2020-05-27,JBL,0.031697386592488025,0.022103912323476988,0.04103479708892638,0.026881675373716694,13.958485593691464,0.0107475895477199
2020-05-27,JCI,0.048337135009142246,0.03281027965480754,0.03393438562089455,0.025422426882306098,15.634820503416943,0.0093428807043016
2020-05-27,JKHY,-0.04081315507145098,-0.022713156718157247,-0.03428193893344288,-0.02812071378614391,13.738306567318304,0.0126986180742941
2020-05-27,JNJ,-0.012874030190690975,-0.008159384222836217,-0.008979942485837318,0.0022802251935691584,15.88868261241667,0.0032989603628924
2020-05-27,JNPR,-0.005954914842436964,0.014647683473145958,0.008145823889017448,0.027154793294352303,15.151169566100428,0.0113752968077444
2020-05-27,JPM,0.09424266765298871,0.05079043086352395,0.06470031092551003,0.05630559727502868,17.489327159780586,0.0141779717754256
2020-05-27,K,-0.0016061466703013371,0.02857373990395003,0.000323214813980895,0.039301574769558104,14.752536815183209,0.0073935709816462
2020-05-27,KDP,-0.01574841084365631,0.00866426305247351,-0.001859096624417746,0.03071535677283084,15.717050908622067,0.0049354709687876
2020-05-27,KEY,0.0909336643050494,0.06111204707921382,0.06134789085909424,0.0715751130412665,16.39386208836116,0.0118484876756303
2020-05-27,KEYS,-0.05487661022583425,-0.04933715831712048,-0.060946237694411196,-0.016184458433717006,15.410220747961125,0.0285103365637448
2020-05-27,KHC,1.2555174733293813e-07,0.010518835860411392,0.004304090760259638,0.026616131276883843,15.45849948731059,0.0043326627473685
2020-05-27,KIM,0.06204138818757182,0.04255932136992318,0.0074717376102189535,0.015403381840005097,16.023279459121845,0.0133854500049542
2020-05-27,KKR,0.06306012826998124,0.02297369518733235,0.02058942403827013,0.00384410463002889,14.919939563353934,0.0033971253314918
2020-05-27,KLAC,0.006816217301547544,-0.00796164583330279,-0.037621510805555265,0.0005092740352695972,14.3220877699955,0.012488806279019
2020-05-27,KMB,-0.030233095457562927,-0.01775671157108314,-0.009175122322475766,0.017637615783883384,14.45957305598851,0.005741560430813
2020-05-27,KMI,0.011946364082854318,0.006238666919754992,-0.01667743875521316,0.010702346448498863,16.228052676460386,0.00502342420687
2020-05-27,KMX,0.03499368287299002,0.038944584199714055,0.02816423061853739,0.045756968267178184,14.61180124843995,0.014522150323544
2020-05-27,KO,0.0017037862709267475,0.003403700507802345,0.00521186119896243,0.013790506194446188,16.730444892896283,0.0042865807557275
2020-05-27,KR,-0.018886364352477335,0.02771604843152925,-0.00031953565143757757,0.05910448089729535,16.52354082553448,0.022696074766699
2020-05-27,L,0.032518377050295234,0.03216639587537538,0.026980024319854412,0.03567554923263428,13.88335703926369,0.005087904460355
2020-05-27,LDOS,-0.004479312968379381,-0.003677764809038982,-0.012618700810721393,0.0049751489178755,13.854251348280703,0.008107538958304
2020-05-27,LEN,0.014721469530621707,0.02672645533518838,0.02381861601066785,0.050815770140719196,15.085801299327857,0.0153407943699824
2020-05-27,LH,-0.02729764809160957,-0.001598781965254193,-0.008300776526932745,0.03663451725472848,13.816202318642675,0.0119601738286525
2020-05-27,LHX,0.01662700987697312,0.03672084035688848,0.0179531637499415,0.043319393107404146,14.630787314274222,0.0120383984316733
2020-05-27,LII,0.05712309779160504,0.023891055127887487,0.04536490552710385,0.011799474495605693,13.112315061750808,0.0139467656182643
2020-05-27,LIN,0.00360161223146641,-0.0012829992220944545,-0.004168768141765133,0.0006732482529339918,14.287637556265485,0.0033904827959535
2020-05-27,LKQ,0.03264390149005463,0.049193302478174154,0.05630013009185871,0.04801507796647542,14.842269101030524,0.0107985600104755
2020-05-27,LLY,-0.01964790470308882,-0.023940141668667828,-0.024349669538908266,-0.015392423185959769,15.497473948211026,0.0059868217181887
2020-05-27,LMT,-0.00045093788322515257,0.05212609234005928,0.01608827954373361,0.06480730037634076,14.502086696437647,0.0084702845926951
2020-05-27,LNT,0.012647801786109723,0.003975317998095062,0.0004277659643614259,0.008913543794822258,14.17381487375544,0.005570457169744
2020-05-27,LOW,0.002957054136508826,0.020606442493500757,-0.0006487289586821754,0.035138785033796784,15.84569633334883,0.0136062259202586
2020-05-27,LRCX,-0.0043879810233656315,0.016080383860724363,-0.029121323770500435,0.035950686303438395,17.01772844660823,0.0191538253019316
2020-05-27,LULU,-0.004149396570610737,-0.007115029505533732,-0.02799184920756032,0.00031975391473571755,14.585017209864628,0.0186866457180945
2020-05-27,LUV,0.09585488805640763,0.06522146022329176,-0.0012730289771378247,0.034454960278408255,17.619999598615426,0.0782387278439272
2020-05-27,LVS,0.038088497075731545,0.03648105229594108,0.008154920326210005,0.019830016224882972,15.722813668386717,0.0095310408092989
2020-05-27,LW,0.03310320259126704,0.030687292177076133,0.019352921156560707,0.020384076468558412,14.487128130855508,0.0138708580175175
2020-05-27,LYB,0.06665153284091462,0.04297060646453507,0.0386263944651607,-0.006072984490588907,15.031313410515727,0.0104479972357071
2020-05-27,LYV,0.01954841309388202,0.019944484710922097,0.0034591176492251067,0.03965411829437488,15.313413599244319,0.0193511405884096
2020-05-27,MA,-0.0020373918811603495,-0.0008856130397439008,-0.03306368131772205,-0.011805811331733244,15.45409961674401,0.0056889788714911
2020-05-27,MAA,0.01295775695280891,0.005438277854134459,-0.01704086029920218,0.0006847061556591065,13.645197805970914,0.0072146517138433
2020-05-27,MAR,0.007632455731898938,0.010664898691785312,0.002324036780821343,0.031524806562719825,15.500427117034203,0.0195807147274631
2020-05-27,MAS,0.025252736375175524,0.008630664202040988,0.008424298134577297,0.005966267716286366,15.229006819800524,0.0194200858012208
2020-05-27,MCD,-0.004493371378770725,-0.010068348722186772,0.00557497771660599,0.015460950660909014,15.200153806748085,0.0055846124586055
2020-05-27,MCHP,0.04186261002583272,0.04187661630883468,0.04375417849963502,0.030432810991630043,16.847844782165804,0.0385735715759603
2020-05-27,MCK,-0.01887146521040803,0.010806088898104617,0.005227617021366555,0.04039564352402366,14.261222135009612,0.0124603035283979
2020-05-27,MCO,0.0014819078650890895,-0.00030304499261305494,-0.01442209182367605,-0.003509977523661119,13.599964323811799,0.0044810968755664
2020-05-27,MDLZ,-0.007805253944594628,-0.0003960468254508449,0.0006075614919059033,0.015209622551101365,16.02598047169963,0.0070395358115265
2020-05-27,MDT,-0.0015384762742402126,0.0005095595091129261,0.0009486807805721277,-0.011908077753439486,15.634187966782932,0.0048058538885435
2020-05-27,MET,0.08223820792125087,0.04467651771575059,0.04952765803405142,0.022731523741658047,15.852240430187273,0.0112524729457991
2020-05-27,META,-0.04565252897608815,-0.04387080893994613,-0.04656319774577494,-0.013265934636783824,17.362181107080435,0.0158443762240193
2020-05-27,MGM,0.0820859771963824,0.04727853891941047,0.016607701723834987,0.025728468088350723,17.578074882236905,0.1507916231904879
2020-05-27,MHK,0.11366961387350788,0.05626869499784005,0.08904249982437432,0.06181333980690416,13.612538438478511,0.0130575408378068
2020-05-27,MKC,-0.014069888034488082,-0.015839786287664644,-0.0037016972480723625,0.005655693827902975,13.94794222110794,0.0045179316294789
2020-05-27,MKTX,-0.027760575450662968,-0.019902816982214744,-0.031481791487115406,-0.0047935998444665045,12.722485630879172,0.0088928506998609
2020-05-27,MLM,0.044400628470844375,0.06877881120709745,0.05193527453767225,0.06840385508110502,14.016818232330463,0.020181418243804
2020-05-27,MMC,-0.0046053735360674425,0.003169043844721324,-0.008275054295106546,0.001983931924072246,14.691646156250322,0.0048713995943204
2020-05-27,MMM,0.023389669279190714,0.03329985035636867,0.02736995384305991,0.03913712579460737,15.79559243171906,0.0134305452165721
2020-05-27,MNST,-0.012461706259770802,0.000141563029933587,0.003775701617821161,0.022778670298295025,15.212695649207458,0.0041553334036144
2020-05-27,MO,0.01600052949064488,0.01736521928764555,0.020506925649372523,0.019915439312366896,16.06701296597,0.0056346882481053
2020-05-27,MOH,-0.005854954579111483,-0.015773835050797134,-0.045959316690107534,-0.0003267248356757742,13.366565237904366,0.0116691255377066
2020-05-27,MOS,0.04293878326675447,0.043262606189973615,0.020483971504740902,0.06299396496210863,15.574764225142731,0.0183087971095395
2020-05-27,MPC,0.017108135192538423,0.012198492118228526,-0.029099985574749347,-0.006811078190049134,16.202262243716937,0.0349181934403139
2020-05-27,MPWR,-0.007324362128477125,0.003711493102848045,-0.00980295991438002,0.02349060704335358,12.669180679712905,0.0066393682363264
2020-05-27,MRK,-0.01623151691461168,-0.012289223255109593,-0.011902894648509799,0.003746262827228355,16.36721785585026,0.0050981714165909
2020-05-27,MRNA,-0.2599575325158688,-0.2218678395131111,-0.212464542210724,-0.10073116730149684,17.901733915627954,0.1539347084072141
2020-05-27,MS,0.08927800532132957,0.06903875502194294,0.08663055803056972,0.07004550655615911,17.069460085936846,0.0161122582257719
2020-05-27,MSCI,-0.048916183566586786,-0.047835783992742326,-0.0439288292096608,-0.03430646138931839,13.7509731034928,0.0120809364755365
2020-05-27,MSFT,-0.03350565236266743,-0.024479506619745125,-0.02516211409279371,0.0013208394499343828,17.492244072890156,0.0053157394168818
2020-05-27,MSI,0.0027531583659093336,-0.010293464508807403,-0.02841275864699206,-0.024834620905168813,14.452458217740519,0.0113239979875901
2020-05-27,MTB,0.11195096689673391,0.06077514365455453,0.07170840502529154,0.0456682712624217,14.158604394751478,0.008669841035484
2020-05-27,MTCH,-0.011744990801287034,-0.007173371304106163,-0.01457435958787394,0.005599065421939181,13.6707171288625,0.0034548715509744
2020-05-27,MTD,0.009792351835370956,0.022047817469324615,0.008991991538401797,0.028709240673612683,12.201567512641383,0.0095532843913439
2020-05-27,MU,-0.005858828950149592,0.06005752086988712,-0.03469854566923429,0.07667793593656458,17.842138237850335,0.0501726939625354
2020-05-27,NCLH,0.1451820450837306,0.09828545739774033,0.03732736601992053,0.09286855796767292,18.442540088089036,0.2305646434954937
2020-05-27,NDAQ,-0.005419348932227037,-0.010790149012415377,-0.01572254818294919,-0.009418276521651702,14.746769111017748,0.0044122784586588
2020-05-27,NDSN,0.013039142750589967,-0.0036184527968627827,-0.01071038301351334,0.006125309642836398,13.067064175335036,0.008312877668388
2020-05-27,NEE,0.005948318188975657,0.011842449243378572,0.00486415817578785,0.02869126036479457,16.32864834910674,0.0059961722118535
2020-05-27,NEM,-0.07779086899319092,-0.04997310453013604,-0.056660116932525706,-0.008139852708289319,16.5034737593403,0.0130419775230707
2020-05-27,NFLX,-0.04150207065547206,-0.019988435003231223,-0.037686406235698494,0.012268683858303183,16.161758502420604,0.0244211087027655
2020-05-27,NI,0.013138636014646255,0.0012582473680818444,-0.012089811621422808,-0.002997113078848261,15.224495773395054,0.0086947653967937
2020-05-27,NKE,0.02205154220826225,0.025936151285156632,0.02426267259049243,0.03308374643506104,15.884384079310067,0.0067192090781891
2020-05-27,NOC,-0.015759413425384613,0.02999397868205966,0.00840422429092777,0.05634227165400303,13.74787497922435,0.0064840185385485
2020-05-27,NOW,-0.04671602282121769,-0.04676648228935242,-0.0753670667665241,-0.025299646999243672,15.140222291651854,0.0181693896677326
2020-05-27,NRG,-0.012931719212162431,-0.009209048341847634,0.0025257340702551346,0.0064148565644912515,14.667753741487326,0.011513401326149
2020-05-27,NSC,0.02631740885147186,0.02230867017540128,0.03342705635812031,0.028847690851628378,14.102343019598976,0.0058885153494261
2020-05-27,NTAP,-0.016800055577206565,0.0023706976576941567,0.0006677881803399746,0.025372925015832246,14.949297243452433,0.0150569109951946
2020-05-27,NTRS,0.06475702330958588,0.04410715710344784,0.0483040226094509,0.04641683772836175,14.213817440330123,0.0076385327123894
2020-05-27,NUE,0.03328474054264146,0.02771445885077872,0.037904576220340276,0.037588866444258844,14.624973476002722,0.0097453804112084
2020-05-27,NVDA,-0.05982630984835437,-0.0616547822768616,-0.08106423343237494,-0.022328721982754783,20.88529284632132,0.0481922971044636
2020-05-27,NVR,0.02406780782152937,0.01275822518238712,0.021736982913010953,0.041477613283074005,10.510559281627845,0.0123610643314247
2020-05-27,NWS,0.00990911227284674,0.014742181456099344,0.008382105678749027,0.0246925028669474,12.936999597739499,0.0021980346924165
2020-05-27,NWSA,0.009999907669447026,0.0066387764952029514,0.004253286312111407,0.017522108077127153,15.133579877740187,0.0099011792245624
2020-05-27,NXPI,-0.008663945681690224,-0.00495242057005842,-0.0024634082755046792,0.023063022132143784,15.448294029778353,0.0201801908366848
2020-05-27,O,0.038982734590792385,0.031092889726692517,0.0012921172763739762,-0.0018032219677809524,15.272716914540778,0.0048150876341719
2020-05-27,ODFL,0.0161020648286785,0.014089478840094411,0.006108291330484416,0.015649989982101587,14.516427971918642,0.0094831686271864
2020-05-27,OKE,0.01366973787246342,0.004687207712647879,-0.0331494621532872,-0.0005320942982164406,15.507210436771553,0.0086911762008721
2020-05-27,OMC,0.03714640728814486,0.06255379346780263,0.04176096718622423,0.06651255116406964,15.166618317948059,0.0197192520195675
2020-05-27,ON,0.026571643189369613,0.036706664602012565,0.012255102316681631,0.04398246181406943,16.076784057437365,0.022735038305695
2020-05-27,ORCL,-0.012189507764177255,-0.00804261755721758,-0.0015205823335481406,0.007926178943292835,16.037763843166037,0.00329077870523
2020-05-27,ORLY,-0.02480396606481533,0.00024026067335392785,0.010654919688356069,0.03969087726066771,13.458408379916904,0.0122238624749958
2020-05-27,OXY,6.812518339434201e-08,-0.004750578601375701,-0.02855287886215263,0.0013880251818272965,17.262414019560058,0.0319893979089847
2020-05-27,PANW,-0.037666673356765996,-0.03849147919391723,-0.03466319577731663,0.0026784965322374935,16.10931733402844,0.0149714551866584
2020-05-27,PARA,0.038558700461545754,0.08481999441281891,0.05597907541807933,0.07743337813886804,16.593285869068033,0.0255285647166385
2020-05-27,PAYC,0.011010946652949527,0.012249815127796016,-0.012047958070799638,0.02383116616227862,13.665734794220468,0.0153769761530945
2020-05-27,PAYX,0.010197663414370024,0.020894698671205587,0.011196099658782804,0.024646808948662446,14.612026722398436,0.0061572886350344
2020-05-27,PCAR,0.05751589912719699,0.03192481204857764,0.05103433680633032,0.034149669803185116,14.834105499748372,0.0052755102208767
2020-05-27,PCG,-0.0724453639677979,-0.0650913752964118,-0.0056020974637718554,-0.013630236124795247,16.4480179837158,0.0063287645107195
2020-05-27,PEG,0.02005276413827216,0.007908216333803756,-0.0010147417331364335,0.010270881564108393,14.78378672464153,0.0052820016853625
2020-05-27,PEP,-0.01696905560220276,-0.009205541325775213,-0.006357096097828468,0.00813629383740415,15.553605678461716,0.0041467649175202
2020-05-27,PFE,-0.0063948509364206065,-0.008752133156295593,-0.012899856978871601,-0.0021361440167634266,17.069914092928894,0.0045674664307088
2020-05-27,PFG,0.05572347539822232,0.04601652270296407,0.03971023111440369,0.046438930269559135,14.204101426859433,0.0065559269597994
2020-05-27,PG,-0.014560365542840483,-0.0015783206089307316,0.001252590278478991,0.016466182408515308,15.929317414598309,0.0035310148975333
2020-05-27,PGR,-0.007670924802541183,0.012493723508205082,0.005550707137409491,0.031078331367174295,15.360495492268562,0.0079966084377427
2020-05-27,PH,0.0543064309754562,0.024451372527161695,0.037110535416904,0.02235039400124284,14.580885837680542,0.0166955306177921
2020-05-27,PHM,0.013339163057338966,0.029487493344736073,0.009036495179627053,0.05963054081915216,15.188593278436791,0.0195823109688641
2020-05-27,PKG,0.05777249838439446,0.03817579673683886,0.0539898451952373,0.040838468761208474,13.562166786243864,0.0086313403099293
2020-05-27,PLD,0.019981133628758037,0.014231486531402798,0.007403560666613199,0.019144898484662193,14.929011787533305,0.0032848710606229
2020-05-27,PM,0.02660938410171346,0.02224277711384891,0.020482322589535047,0.024378143277070368,15.600547649222353,0.0038289999044414
2020-05-27,PNC,0.0756737186004487,0.055315630583240086,0.03046841009388291,0.06227693678918118,15.300858311590938,0.0111586668487425
2020-05-27,PNR,0.055290955439256016,0.038312973061294976,0.053899666087106037,0.029747311829062,14.35235532871885,0.0103691580287324
2020-05-27,PNW,0.01666612568306875,0.0059505741281932105,0.00040680896896993346,0.015483724349243234,14.175630261898622,0.0120244935620517
2020-05-27,PODD,-0.08110983665352085,-0.08136276693552884,-0.0997792795707228,-0.023265948544840747,13.739386246672074,0.0131959492664948
2020-05-27,POOL,-0.019394317897401855,0.029480567181675396,-0.004531172801674452,0.04686256881525526,12.819096490166213,0.009788378024402
2020-05-27,PPG,0.028569126800067197,0.028694322875234136,0.025083469244831423,0.023228109085113698,14.507957993759947,0.0088053747309483
2020-05-27,PPL,0.014998702672811509,0.01299950773081743,0.004569894086218776,0.017352582480598105,15.517618987538453,0.0074223461440939
2020-05-27,PRU,0.07307502730616901,0.05343471288937051,0.05110682038534907,0.044322542376600584,15.068159519961148,0.0098739653610144
2020-05-27,PSA,0.015225432525788745,0.023124889481199905,0.023031768368052985,0.02305937142392034,13.694021789553885,0.0050485417056974
2020-05-27,PSX,0.010555553579509642,0.02471711341236396,0.008250453537950815,0.0343532095363075,15.01791242902042,0.0081683795662815
2020-05-27,PTC,0.048556588358372496,0.01869715327187874,0.019633241754284995,0.021854407134427035,13.403022345492023,0.0055018117748745
2020-05-27,PWR,0.049072498565544596,0.03263045881371973,0.035120461065413215,0.027190206101938643,14.336801825331564,0.0113594668968866
2020-05-27,PYPL,-0.057692897325310584,-0.05417512848768269,-0.04380560703349163,-0.007099929212496579,16.072554308647373,0.0096587085410236
2020-05-27,QCOM,-0.024234319332062916,-0.01563588319265321,-0.021047689461220296,0.016147052783489654,16.026627192284412,0.0082512658227848
2020-05-27,RCL,0.13908797750472576,0.09393729024406836,0.05482255510553988,0.09115599057037949,17.278812281802775,0.118613010671106
2020-05-27,REG,0.06856164392798593,0.03474112968707598,0.0378611332537756,0.016049868608457814,14.371692456845393,0.0096074391547216
2020-05-27,REGN,-0.018101336919307265,-0.0010794489954490032,-0.023157981563604022,-0.002203460961219701,15.590903659188884,0.054903821110987
2020-05-27,RF,0.10144431336611763,0.0698861127801958,0.08549068170675231,0.08898621729298313,16.576810867643722,0.0175977753058954
2020-05-27,RJF,0.06641796436817252,0.034883328836144166,0.0553010320431676,0.03684481228275106,14.281224374104884,0.0077748767751695
2020-05-27,RL,0.08689070261232015,0.06851842220050738,0.056570486580544796,-0.006040032800746459,15.150617145444894,0.0952889584257915
2020-05-27,RMD,-0.031148017057273537,-0.031063538513238648,-0.06777620290673288,-0.043101366586252195,13.831483311628592,0.006918504120408
2020-05-27,ROK,0.03894606585939975,0.013514429724015788,0.02973418732345528,0.01535186847999463,14.151411917380385,0.0123743068637075
2020-05-27,ROL,-0.0020465422509485503,0.00834081546636101,-0.006467450853340027,0.018549616081994624,14.454861841553289,0.0039071197090765
2020-05-27,ROP,-0.007174305121263657,0.005541589462247733,-0.00010849623175856266,0.023777228018281315,13.256371406419678,0.0053238348000186
2020-05-27,ROST,-0.015733614396239604,-0.00588328166870922,-0.00446760176467973,0.01978188988104664,14.905586851800997,0.0090455979148432
2020-05-27,RSG,0.016483719322422413,0.006209153630403186,-0.0012184746126978167,0.01439409783751697,14.446782866720884,0.0060165970004473
2020-05-27,RTX,0.06856652901459875,0.03654737516497295,0.0440751860828458,0.03325507907393004,16.451104826671507,0.010449931838605
2020-05-27,RVTY,0.027512683576671627,0.011539857655875924,0.024764510507842813,0.025722771462501275,13.910003130891898,0.009147960415158
2020-05-27,SBAC,-0.00045975065365999856,0.02293417367549409,0.01589717335278715,0.03311203623925532,13.368287079572873,0.0059188358573703
2020-05-27,SBUX,-0.007819554844076197,-0.011831592592275151,-0.0024522997434651603,0.010744312872494664,15.925154020283397,0.0072586339969347
2020-05-27,SCHW,0.05683357468437411,0.059142972169711656,0.05098487087198443,0.07238817273187889,16.400360652539533,0.0073027996828054
2020-05-27,SHW,-1.4549920838616702e-07,-0.0006659679608656728,-0.011841369861901745,-0.00046325242252427565,14.119386548263451,0.0053878573416563
2020-05-27,SJM,-0.013504823961735217,0.004915502068869969,-0.00420997307770772,0.02510608914265262,13.992904158971925,0.0112209515396976
2020-05-27,SLB,0.031185277508480238,0.03163150236622078,0.0011000931077843833,0.03471637546527753,16.438627294448132,0.0101323668055797
2020-05-27,SMCI,0.012618489465503046,0.005018259147224122,-0.00917620759512898,0.0230524041813756,15.145499347353331,0.0063708860891902
2020-05-27,SNA,0.04030119685839335,0.026618640464080065,0.008515595501152938,-0.005783154915564114,13.571016957714335,0.0149395815925124
2020-05-27,SNPS,-0.016228155879792282,-0.012527440723491108,-0.03217614850199593,0.011152199410755586,13.989548735435703,0.007696934419868
2020-05-27,SO,0.0026988799175970404,-0.0032294914492499286,-0.002754296461455795,0.006382574196220596,15.315825552439891,0.0040748417960465
2020-05-27,SPG,0.07552280801871043,0.061572512731099316,0.0435033804139611,0.06437985288687915,16.036885703992642,0.0282611420748057
2020-05-27,SPGI,-0.004314008969544605,-0.006291581170722692,-0.009881635069917414,0.009844361530301195,13.983480453913469,0.0038570770767971
2020-05-27,SRE,0.021793656097771032,0.008909598799861498,-0.008805924607899437,-0.0026388893439883644,14.693809037817694,0.0036919035383468
2020-05-27,STE,-0.004582722732409608,-0.006726255174665261,-0.007047636941563795,0.00815946999873641,12.981262839509812,0.0044193024382498
2020-05-27,STLD,0.0343066466910133,0.05551803628369846,0.03750683171318088,0.06023648275570817,14.656302011805854,0.0154652869885474
2020-05-27,STT,0.0991336223890687,0.04900775971461039,0.0852112525511837,0.06120772034617088,14.913456291200328,0.0103853455084593
2020-05-27,STX,-0.016920207197751374,-0.01086659076857508,-0.017979301355853017,0.015696468611776603,14.6129731582595,0.0104857180731589
2020-05-27,STZ,0.02336843057946811,0.0019524594713272244,-0.020733606945180418,0.016695620006626662,14.172066194786195,0.007904596238271
2020-05-27,SWK,0.04427834058598777,0.05529842722483885,0.04189788305667827,0.036334138152340156,14.79886200257495,0.0172993050253012
2020-05-27,SWKS,-0.015706121416994075,-0.018207287146687956,-0.024141279555966063,0.011066549844672162,14.563099047709622,0.0137515864560462
2020-05-27,SYF,0.09769969560953476,0.0804905589505867,0.06478656383579137,0.09166347481751273,16.510934785872728,0.0381010916794406
2020-05-27,SYK,-0.012482676068195739,0.004282938255409781,0.0029567045910185675,0.028156018953022215,14.461409410114905,0.004998048253904
2020-05-27,SYY,0.041008131013521736,0.03740081340050019,0.041115669054037345,0.032842611605694995,15.5625865938485,0.0117282256042114
2020-05-27,T,0.03527164327014269,0.027260289456071545,0.030920555147310676,0.032873757610200185,17.867555611067697,0.0079873677258141
2020-05-27,TAP,0.0077367194828005395,0.05314653739898252,0.025517423102588272,0.07876466068404106,15.396446315708129,0.0255370693460576
2020-05-27,TDG,0.015680748509251753,0.061647303602631744,0.04247794744974968,0.07713374350575757,14.020328007381975,0.0218830124490501
2020-05-27,TDY,0.011691427005829334,0.019584916890784957,0.012486485710121781,0.02723677574236933,12.169413847867123,0.0041163421773485
2020-05-27,TECH,-0.04183000597668175,-0.03989194568198206,-0.039579139759221595,-0.01305212693069133,13.969776374020245,0.0073806993573199
2020-05-27,TEL,0.03288314737318429,0.02564994464403099,0.02309895703592557,0.03174063940061178,14.36974101385192,0.0058340289746449
2020-05-27,TER,0.0178944822600583,0.027407229346968806,0.028276490148844483,0.041383122672558594,14.789164504927392,0.0164617965945693
2020-05-27,TFC,0.11198811752763817,0.07306328391018437,0.08348506433538472,0.08751781442326749,15.94272996589857,0.0064079754761635
2020-05-27,TGT,-0.027046232181047312,-0.02114587507939284,-0.005064791659597503,0.019696813443380236,15.92697158551118,0.0181315521449769
2020-05-27,TJX,0.023894063887917295,0.017800362407529833,0.004575793192548557,-0.00018085411551843663,16.194408426460125,0.0096616235706991
2020-05-27,TKO,-0.004598555744972764,0.004795293581748987,-0.005819082453157889,0.019593489169772466,13.453824507951147,0.0085403745748205
2020-05-27,TMO,-0.028533126131839663,-0.028541164941538265,-0.02334188385754662,0.014270634912890025,14.371921788213598,0.0046210250813262
2020-05-27,TMUS,-0.013085730126070238,0.0095183939683844,0.006331661122436087,0.016911590379950617,15.328525892108209,0.0039767371492147
2020-05-27,TPL,-0.008499124992959356,-0.013822128738031866,-0.018563449043597663,-0.00037444273644550696,11.3350062038375,0.0036415370157669
2020-05-27,TPR,0.033744527512969004,0.02408185241385191,0.01496627721395078,0.04182488232655233,15.755661439947822,0.0336197847066237
2020-05-27,TRGP,-0.048529913476440395,-0.03774039464629203,-0.03471798267899949,0.0076294288688372345,15.315111505932713,0.0205891957842386
2020-05-27,TRMB,0.03008479437914373,0.01940888606276147,0.042275554924083476,0.03152122621700185,13.811704323435311,0.0040530204400468
2020-05-27,TROW,0.04032787360677372,0.021525305351556705,0.013182067628148988,0.019875906295734724,13.898012700285907,0.0048865650957064
2020-05-27,TRV,0.03094702459978988,0.026331042773644547,0.02214185666413141,0.032927190672602115,14.368361228293121,0.0076718353409984
2020-05-27,TSCO,0.023061839999130876,0.05975249487531973,0.015923030280484966,0.07406942072964166,16.839830336961043,0.0387122253704319
2020-05-27,TSLA,-0.016480153217148134,-0.008289683759741756,-0.03837524244543145,0.0016594670418678843,18.97020291082621,0.0538602288955313
2020-05-27,TSN,0.040517755954100385,0.012250718431366029,0.013031267929999153,0.017847718056835386,15.162076336987282,0.0134325702166799
2020-05-27,TT,0.04331153911581916,0.03232304333051995,0.04331153911581916,0.022350320013998577,14.416268837626664,0.0081300628868723
2020-05-27,TTWO,-0.08800750591165155,-0.058044787775761546,-0.02535533936852772,0.032641212297385785,15.47026613622762,0.0296425981325355
2020-05-27,TXN,0.00533940372856844,0.003056357322440671,0.00025973665621487573,0.01789817581045579,15.221460721876664,0.0044832610501911
2020-05-27,TXT,0.0901932086854341,0.040926198237076925,0.05938258795572815,0.04653491416892401,14.609091588068061,0.0121753547078963
2020-05-27,TYL,-0.03651313448710682,0.0012054532284472795,-0.022799343600821323,0.03405272385939936,13.17950145770422,0.0122811819999721
2020-05-27,UAL,0.16005959254569968,0.09171362990343856,0.038940448378107166,0.03819157793729225,18.30777182173251,0.2734933517899419
2020-05-27,UBER,-0.04404755405824594,-0.028170876966696335,-0.041426087753358536,0.009216645991064322,17.13022736718968,0.013156948241241
2020-05-27,UDR,0.042094898344300274,0.024584938809901737,0.010141418793685786,0.0013061726835750548,14.451346901303712,0.0057026043346508
2020-05-27,UHS,0.006384527015132683,0.012589128032306707,0.010523498023815825,0.037364373465178374,13.26021218655878,0.0099030402799563
2020-05-27,ULTA,0.05928563410264918,0.0540958728038536,0.0464085280901905,0.0557731554328251,14.310512240953361,0.0362065350533552
2020-05-27,UNH,0.003098055577839086,0.02253635789539281,-0.005829015382258342,0.029668292429071506,15.541646651145744,0.0061428077908675
2020-05-27,UNP,0.00900148751060655,0.01779332764497045,0.016619320764039894,0.022925677790476447,14.970629511092802,0.0052966870930841
2020-05-27,UPS,-0.0037768201250004438,0.008053219702345965,0.0014455997814418152,0.025930682113011503,15.305354020120687,0.0060467203931939
2020-05-27,URI,0.04424647573533258,0.023232382081545502,0.014752038086708337,0.023844138684934086,14.600644675195229,0.0335623682691969
2020-05-27,USB,0.09665345099210479,0.0632801381374523,0.06413895348791039,0.048750128284682434,16.111967009139892,0.0063710897435897
2020-05-27,V,-0.007639042634482049,-0.010036581018245592,-0.02224184480642331,-0.002072399436488191,15.850255551433898,0.0044391769566428
2020-05-27,VICI,0.01100017066163439,0.011260898482272847,-0.003611028895865974,0.011531815932424914,15.306412876641165,0.0042028010461913
2020-05-27,VLO,0.027184954073623604,0.016120226356083293,0.0081787508955031,0.021314196381128178,15.287936972081745,0.0138643587310186
2020-05-27,VMC,0.05039933527020863,0.058688605236781904,0.05732362298591636,0.06272882460955348,14.582512571498066,0.0163004065071422
2020-05-27,VRSK,0.023996870129635015,0.019162929109088386,0.009814275707322373,0.018523634871723673,14.522807654603623,0.0144949809993915
2020-05-27,VRSN,-0.04412967324619306,-0.03307977576281141,-0.013510161441571156,0.008417048830633928,13.36531112464094,0.0067727068942437
2020-05-27,VRTX,-0.08539941572539428,-0.0345950242191854,-0.038553789330996374,0.04407975682336153,14.975312328493185,0.012405818007735
2020-05-27,VST,-0.019264727267702984,-0.017734442381496667,-0.0015318713901598913,0.02008102108333151,15.063490965367253,0.0102402716449232
2020-05-27,VTR,0.0035324181579963433,0.008595624088559697,-0.014665562532295671,0.05020972678193712,15.691963595136675,0.0149196483390702
2020-05-27,VTRS,0.02907714638611634,0.05068148539717693,0.010628404142736666,0.06128043803759739,16.15158854914654,0.0086627182422601
2020-05-27,VZ,-0.005296590594937713,-0.0005433534159577807,0.004603394137006897,0.015350940010804951,16.652469877086887,0.003977575876254
2020-05-27,WAB,0.05529529065349797,0.04477039349006322,0.04636576026246923,0.05346788800095283,14.067825263578738,0.0075282092001244
2020-05-27,WAT,0.02471942319574057,0.0253255116153591,0.018409420270031052,0.029647284730674336,13.301347705172173,0.0100511296595726
2020-05-27,WBA,0.056498334823308606,0.028549897396632964,0.04483940818189591,0.01903007648573313,15.862958339046157,0.0089600551188462
2020-05-27,WBD,0.05304446535646155,0.046066644425553444,0.05638572760896672,0.03143504222898381,15.65778901354744,0.0025708827602439
2020-05-27,WDAY,-0.006917154616550899,-0.011054389887996816,-0.026571109248583566,0.012045543243874347,15.224349127946093,0.0190288372093023
2020-05-27,WDC,0.025374082810441574,0.011292228880857427,-0.0163165794260752,0.020641927051078948,16.28169970649382,0.0338604524127144
2020-05-27,WEC,-0.00023048118479833908,-0.01642932176858541,-0.011060212232471594,0.0024477398217124277,14.17381487375544,0.004484328936048
2020-05-27,WELL,0.02202075089339588,0.018325232562911884,0.02253516062100671,0.014950413936243145,15.30307480451075,0.0067936384175241
2020-05-27,WFC,0.10416216067430531,0.0639253209165877,0.06941869948987106,0.062370313802839535,17.942048006813884,0.0189972644674983
2020-05-27,WM,0.020860761611265096,0.01903164067714143,0.018922391185706176,0.026227867188722703,14.860054125360984,0.0070640664923496
2020-05-27,WMB,0.03033533346772692,0.019812474390271926,0.002007355918266539,0.001956227114084244,16.164206132745672,0.0085786723805583
2020-05-27,WMT,-0.002980234136914903,-0.008160143830703069,-0.021254836384882115,-0.011204216445584472,17.251872392395605,0.0038760486113727
2020-05-27,WRB,0.016596558967730782,0.01614039889074756,0.009021702964246906,0.017403838401108294,14.547289816927593,0.0054816259636892
2020-05-27,WSM,0.008628941378396936,0.043642533943782605,0.012100444688221388,0.05176002493877869,15.15952378762452,0.03104551085346
2020-05-27,WST,-0.045415892151309686,-0.047584033507587394,-0.04790705116118926,-0.02288706219985231,13.727663559212735,0.0126693282907221
2020-05-27,WTW,0.003919810866947595,0.014336036675904322,0.00697534216512648,0.014327587418213493,13.461832547302858,0.0070647449004234
2020-05-27,WY,0.04150757778444967,0.03869672608776188,0.02835734756423174,0.034928012294780646,15.934725664754273,0.0114687761845085
2020-05-27,WYNN,0.05384504511684147,0.018739379130410145,0.013914445832091994,0.023746818775224186,15.844829304165883,0.0716691627341829
2020-05-27,XEL,0.014186874304194585,0.0024152335943260885,0.011360935476992908,0.01091296255421436,14.909445591977398,0.0051839287071402
2020-05-27,XOM,0.019913819865471562,0.017979721779184245,-0.0013206711007772312,0.007162087558493553,16.84990093451305,0.0048062211035328
2020-05-27,XYL,0.04299113206942111,0.05533119657373847,0.04295940505376301,0.05784187405151379,14.689895791873594,0.0098516948038149
2020-05-27,YUM,-0.004128921259469492,-0.0033044769951734907,0.009963794131332712,0.0245677827374739,15.339543293687257,0.0164826568283489
2020-05-27,ZBH,0.004765407910923459,0.0034682871953511905,0.004814681670562702,0.01254521898019039,14.246727879688937,0.0077796263779348
2020-05-27,ZBRA,0.028742968743458837,0.007260963321338172,0.029674079636168305,0.010531961439288291,13.12615816806981,0.0098136021727186
2020-05-27,ZTS,0.017200363494087344,0.020848260327376775,0.005441075992889018,0.039014514317470016,14.642751910258868,0.0051271015422034
