,AAL,AAPL,AGNC,AMAT,AMD,AMZN,APA,ARDX,AVGO,AZN,BIDU,BILI,BKR,CAN,CHRD,CMCSA,CPRT,CRWD,CSCO,CSX,DKNG,EBAY,ERIC,EXC,FITB,FLEX,FTNT,GEN,GERN,GEVO,GILD,GOOG,GOOGL,GT,HBAN,HST,INTC,IOVA,IQ,JBLU,JD,KDP,KHC,LRCX,LYFT,MARA,MCHP,MDLZ,META,MNST,MRNA,MRVL,MSFT,MSTR,MU,MVIS,NFLX,NNDM,NVAX,NVDA,NWL,OCGN,ON,OPK,PAA,PACB,PANW,PARA,PDD,PENN,PEP,PLUG,PTEN,PTON,PYPL,QCOM,QVCGA,RIOT,ROKU,RUN,SABR,SBUX,SMCI,SNDL,STNE,TCOM,TLRY,TMUS,TSCO,TSLA,TTD,TXN,UAL,VOD,VTRS,VXRT,WBA,WBD,WDC,ZM
AAL,1.0,0.257,0.587,-0.206,0.041,0.143,0.338,0.47,0.283,0.073,0.021,0.445,0.399,0.189,0.329,-0.028,0.079,-0.29,0.705,0.399,-0.147,-0.135,0.559,0.542,0.582,0.171,0.152,0.342,0.488,-0.038,0.486,0.535,0.533,0.657,0.719,0.682,0.091,0.29,-0.366,0.822,0.21,0.592,0.587,-0.366,0.476,0.473,0.401,0.503,0.386,0.49,-0.05,0.237,0.072,0.354,-0.013,-0.361,0.087,-0.046,0.165,0.036,0.619,0.452,0.486,0.117,0.636,-0.016,0.117,0.34,0.379,-0.084,0.246,0.238,0.474,-0.296,-0.108,0.144,0.018,0.453,-0.326,-0.031,0.624,0.594,0.334,0.579,0.127,0.112,0.618,0.277,-0.072,0.223,-0.015,0.223,0.931,0.581,0.734,-0.12,0.298,0.574,0.055,-0.536
AAPL,0.257,1.0,0.074,0.484,0.615,0.897,-0.306,0.039,0.75,-0.355,0.204,0.321,-0.135,0.454,-0.296,0.327,0.575,0.322,0.453,0.21,0.059,0.625,0.38,0.658,0.486,0.288,0.578,0.547,0.313,0.141,0.129,0.619,0.636,0.424,0.454,0.5,0.639,-0.176,-0.201,0.026,0.691,0.416,0.639,0.363,0.067,0.499,0.675,0.719,0.754,0.511,0.109,0.453,0.885,-0.095,-0.398,0.125,0.546,0.325,0.006,0.647,0.242,-0.027,0.531,0.38,0.242,0.214,0.599,-0.068,0.077,0.11,0.734,0.213,-0.175,0.327,0.808,0.717,0.276,0.099,0.207,0.315,0.463,0.653,0.494,0.164,0.379,0.474,0.14,0.81,0.504,0.275,0.351,0.66,0.333,0.293,0.19,-0.349,0.119,0.133,-0.071,0.011
AGNC,0.587,0.074,1.0,-0.324,-0.238,-0.104,0.602,0.615,0.089,0.361,0.05,0.222,0.724,0.105,0.511,0.072,-0.153,-0.383,0.746,0.634,-0.292,-0.27,0.663,0.15,0.216,0.125,-0.042,0.229,0.443,-0.231,0.73,0.469,0.486,0.491,0.584,0.528,-0.082,0.492,-0.222,0.691,0.041,0.443,0.419,-0.328,0.594,0.386,0.099,0.339,0.152,0.438,-0.082,-0.214,-0.085,0.451,0.335,-0.347,-0.269,-0.331,0.296,-0.151,0.629,0.561,0.085,-0.243,0.755,-0.439,0.051,0.741,0.667,0.129,-0.087,-0.085,0.69,-0.451,-0.337,-0.101,-0.14,0.717,-0.424,-0.328,0.385,0.271,0.348,0.401,-0.192,-0.124,0.485,0.085,-0.27,0.439,-0.407,-0.066,0.598,0.488,0.641,0.271,0.325,0.778,0.278,-0.38
AMAT,-0.206,0.484,-0.324,1.0,0.609,0.447,-0.69,-0.407,0.7,-0.231,0.636,0.184,-0.469,-0.149,-0.603,0.415,0.833,0.815,-0.157,0.072,0.546,0.228,-0.077,0.447,0.394,0.603,0.538,-0.02,0.137,0.453,-0.329,-0.15,-0.135,-0.162,-0.011,-0.05,0.845,-0.518,0.571,-0.45,0.547,-0.153,-0.048,0.904,-0.614,0.12,0.658,0.122,0.056,-0.167,0.679,0.546,0.618,0.024,0.018,0.682,0.658,0.608,0.26,0.734,0.067,-0.252,0.392,0.704,-0.411,0.695,0.628,-0.32,-0.62,0.443,0.551,0.534,-0.624,0.739,0.68,0.738,-0.163,-0.452,0.732,0.72,-0.109,0.451,0.515,-0.41,0.7,0.619,-0.421,0.515,0.727,0.301,0.71,0.778,-0.127,-0.117,-0.258,0.036,0.402,-0.373,-0.02,0.653
AMD,0.041,0.615,-0.238,0.609,1.0,0.593,-0.605,-0.282,0.567,-0.363,0.39,0.36,-0.597,-0.046,-0.656,0.052,0.697,0.595,-0.05,-0.137,0.328,0.287,0.08,0.526,0.455,0.594,0.591,0.272,0.271,0.498,-0.279,0.085,0.147,0.09,0.191,0.19,0.675,-0.524,0.189,-0.256,0.618,0.14,0.198,0.627,-0.371,0.138,0.676,0.32,0.318,-0.027,0.311,0.647,0.605,-0.22,-0.369,0.515,0.729,0.642,-0.105,0.779,0.012,-0.092,0.671,0.743,-0.247,0.571,0.617,-0.359,-0.361,0.216,0.586,0.61,-0.597,0.727,0.771,0.711,0.087,-0.482,0.619,0.626,0.361,0.49,0.418,-0.014,0.497,0.647,-0.14,0.515,0.639,0.217,0.767,0.71,0.073,0.167,-0.195,-0.278,0.196,-0.308,-0.373,0.3
AMZN,0.143,0.897,-0.104,0.447,0.593,1.0,-0.345,-0.077,0.667,-0.473,0.06,0.2,-0.309,0.436,-0.325,0.295,0.522,0.37,0.307,0.029,0.014,0.695,0.238,0.62,0.332,0.175,0.577,0.521,0.181,0.142,-0.052,0.581,0.61,0.365,0.279,0.325,0.557,-0.29,-0.234,-0.048,0.601,0.332,0.506,0.36,-0.108,0.305,0.614,0.639,0.743,0.465,-0.004,0.444,0.903,-0.277,-0.479,0.137,0.569,0.32,-0.225,0.555,0.021,-0.201,0.508,0.331,0.12,0.274,0.483,-0.19,0.014,0.007,0.73,0.193,-0.242,0.332,0.83,0.65,0.324,-0.069,0.253,0.354,0.411,0.495,0.32,0.139,0.371,0.408,0.132,0.748,0.554,0.028,0.407,0.628,0.206,0.208,0.022,-0.5,-0.06,-0.026,-0.07,0.09
APA,0.338,-0.306,0.602,-0.69,-0.605,-0.345,1.0,0.579,-0.374,0.31,-0.4,0.058,0.722,0.221,0.671,-0.314,-0.565,-0.607,0.435,0.171,-0.575,-0.317,0.359,-0.227,-0.164,-0.393,-0.341,0.172,0.177,-0.507,0.613,0.296,0.287,0.347,0.265,0.177,-0.587,0.523,-0.342,0.561,-0.385,0.298,0.198,-0.715,0.541,0.018,-0.378,-0.1,-0.048,0.314,-0.449,-0.467,-0.405,0.184,0.232,-0.592,-0.489,-0.627,0.026,-0.532,0.248,0.411,-0.318,-0.554,0.614,-0.663,-0.372,0.54,0.69,-0.192,-0.456,-0.437,0.839,-0.66,-0.589,-0.511,0.061,0.671,-0.688,-0.657,0.151,-0.185,-0.194,0.444,-0.468,-0.513,0.466,-0.29,-0.468,-0.121,-0.698,-0.546,0.271,0.343,0.352,0.184,-0.091,0.609,0.163,-0.557
ARDX,0.47,0.039,0.615,-0.407,-0.282,-0.077,0.579,1.0,-0.038,0.083,-0.243,0.367,0.735,0.326,0.443,-0.078,-0.137,-0.355,0.665,0.418,-0.433,-0.228,0.502,0.169,0.284,-0.065,-0.099,0.285,0.52,-0.298,0.636,0.511,0.479,0.648,0.689,0.61,-0.217,0.325,-0.299,0.584,-0.2,0.472,0.609,-0.468,0.655,0.171,0.052,0.279,0.252,0.372,-0.234,-0.17,-0.216,0.467,0.086,-0.441,-0.245,-0.477,0.093,-0.267,0.579,0.694,0.011,-0.224,0.765,-0.431,-0.055,0.573,0.666,-0.198,-0.228,-0.183,0.63,-0.431,-0.3,-0.149,0.313,0.675,-0.458,-0.489,0.394,0.237,0.193,0.454,-0.211,-0.38,0.61,0.036,-0.354,0.156,-0.397,-0.16,0.513,0.605,0.648,0.096,0.214,0.742,0.073,-0.537
AVGO,0.283,0.75,0.089,0.7,0.567,0.667,-0.374,-0.038,1.0,-0.115,0.582,0.361,-0.121,0.107,-0.278,0.55,0.744,0.464,0.423,0.427,0.35,0.357,0.419,0.704,0.603,0.539,0.611,0.239,0.313,0.295,0.07,0.412,0.421,0.283,0.423,0.379,0.815,-0.207,0.116,0.063,0.631,0.264,0.424,0.553,-0.113,0.472,0.836,0.618,0.494,0.385,0.512,0.582,0.759,0.208,0.034,0.288,0.562,0.443,0.31,0.666,0.402,0.001,0.604,0.507,0.123,0.414,0.727,0.014,-0.161,0.419,0.757,0.44,-0.196,0.34,0.669,0.841,-0.09,-0.041,0.344,0.543,0.316,0.76,0.729,-0.012,0.611,0.622,0.027,0.82,0.656,0.402,0.499,0.86,0.414,0.26,0.209,-0.126,0.428,0.062,0.09,0.181
AZN,0.073,-0.355,0.361,-0.231,-0.363,-0.473,0.31,0.083,-0.115,1.0,0.156,-0.197,0.48,-0.302,0.441,0.288,-0.294,-0.167,0.082,0.396,0.134,-0.413,0.212,-0.405,-0.198,-0.032,-0.169,-0.313,-0.192,-0.235,0.259,-0.178,-0.188,-0.222,-0.065,-0.104,-0.221,0.491,0.071,0.146,-0.278,-0.133,-0.268,-0.238,0.252,0.118,-0.307,-0.166,-0.359,-0.058,0.196,-0.413,-0.315,0.486,0.544,0.01,-0.354,-0.318,0.464,-0.318,0.208,0.26,-0.238,-0.329,0.068,-0.236,-0.062,0.413,0.052,0.403,-0.426,-0.225,0.363,-0.313,-0.423,-0.335,-0.523,0.294,-0.085,-0.211,-0.249,-0.156,0.072,-0.097,-0.24,-0.324,-0.001,-0.234,-0.271,0.414,-0.283,-0.222,0.005,-0.182,0.232,0.547,0.276,0.231,0.23,-0.009
BIDU,0.021,0.204,0.05,0.636,0.39,0.06,-0.4,-0.243,0.582,0.156,1.0,0.077,-0.202,-0.38,-0.293,0.514,0.537,0.458,0.008,0.392,0.555,-0.066,0.081,0.274,0.354,0.591,0.37,-0.303,0.053,0.343,-0.114,-0.186,-0.16,-0.205,0.008,-0.004,0.664,-0.148,0.598,-0.114,0.456,-0.117,-0.101,0.621,-0.394,0.279,0.5,0.18,-0.107,-0.106,0.746,0.28,0.338,0.415,0.351,0.479,0.339,0.49,0.568,0.43,0.213,-0.104,0.292,0.462,-0.188,0.436,0.59,-0.021,-0.396,0.692,0.394,0.448,-0.325,0.368,0.297,0.546,-0.502,-0.205,0.506,0.563,-0.031,0.424,0.489,-0.234,0.574,0.546,-0.299,0.465,0.509,0.533,0.48,0.592,0.136,-0.054,-0.057,0.229,0.53,-0.194,0.069,0.516
BILI,0.445,0.321,0.222,0.184,0.36,0.2,0.058,0.367,0.361,-0.197,0.077,1.0,0.128,0.149,-0.123,-0.207,0.46,0.239,0.456,0.153,-0.11,-0.137,0.237,0.673,0.605,0.476,0.44,0.368,0.65,0.181,0.293,0.269,0.263,0.59,0.619,0.565,0.238,-0.126,0.075,0.298,0.358,0.553,0.514,0.072,0.193,0.115,0.485,0.172,0.232,0.121,0.04,0.63,0.134,0.098,-0.138,0.062,0.341,0.033,0.065,0.402,0.452,0.454,0.477,0.442,0.31,0.269,0.315,0.1,0.222,-0.143,0.13,0.582,0.102,0.137,0.104,0.415,0.063,0.108,0.063,0.124,0.276,0.598,0.401,0.223,0.447,0.216,0.435,0.204,0.237,0.1,0.252,0.346,0.392,0.717,0.386,-0.107,0.223,0.228,-0.126,-0.24
BKR,0.399,-0.135,0.724,-0.469,-0.597,-0.309,0.722,0.735,-0.121,0.48,-0.202,0.128,1.0,0.229,0.647,0.001,-0.341,-0.509,0.615,0.545,-0.332,-0.264,0.524,-0.094,0.047,-0.186,-0.215,0.146,0.274,-0.388,0.712,0.348,0.307,0.357,0.452,0.387,-0.329,0.583,-0.277,0.55,-0.29,0.314,0.361,-0.543,0.712,0.262,-0.226,0.12,0.068,0.319,-0.157,-0.424,-0.32,0.553,0.343,-0.519,-0.474,-0.601,0.319,-0.408,0.58,0.652,-0.288,-0.507,0.697,-0.617,-0.17,0.703,0.64,0.005,-0.414,-0.41,0.795,-0.604,-0.503,-0.391,-0.001,0.854,-0.611,-0.646,0.124,0.055,0.14,0.268,-0.363,-0.501,0.477,-0.134,-0.518,0.283,-0.637,-0.329,0.417,0.308,0.653,0.371,0.267,0.834,0.23,-0.525
CAN,0.189,0.454,0.105,-0.149,-0.046,0.436,0.221,0.326,0.107,-0.302,-0.38,0.149,0.229,1.0,0.131,-0.103,-0.053,-0.202,0.402,0.039,-0.437,0.547,0.212,0.3,0.146,-0.329,0.119,0.558,0.188,-0.128,0.169,0.535,0.52,0.42,0.269,0.278,-0.077,-0.081,-0.454,0.237,0.085,0.393,0.524,-0.221,0.289,0.333,0.048,0.303,0.552,0.419,-0.358,0.033,0.327,-0.213,-0.327,-0.324,-0.037,-0.295,-0.171,-0.009,-0.006,0.139,-0.036,-0.207,0.364,-0.298,-0.001,0.19,0.457,-0.331,0.154,-0.264,0.285,-0.182,0.278,0.097,0.525,0.429,-0.332,-0.307,0.324,0.101,0.028,0.203,-0.107,-0.006,0.283,0.231,-0.087,-0.212,-0.197,-0.028,0.251,0.278,0.197,-0.34,-0.221,0.274,0.032,-0.346
CHRD,0.329,-0.296,0.511,-0.603,-0.656,-0.325,0.671,0.443,-0.278,0.441,-0.293,-0.123,0.647,0.131,1.0,0.139,-0.546,-0.632,0.38,0.391,-0.491,-0.168,0.153,-0.252,-0.303,-0.478,-0.307,0.02,-0.125,-0.507,0.44,0.216,0.195,0.134,0.107,0.106,-0.55,0.594,-0.477,0.489,-0.444,0.182,0.086,-0.666,0.536,0.079,-0.431,-0.012,-0.116,0.391,-0.243,-0.57,-0.332,0.303,0.468,-0.619,-0.561,-0.533,0.124,-0.622,0.132,0.202,-0.392,-0.573,0.473,-0.611,-0.442,0.61,0.515,-0.231,-0.361,-0.534,0.751,-0.795,-0.6,-0.541,-0.129,0.535,-0.669,-0.558,-0.011,-0.126,-0.196,0.271,-0.44,-0.617,0.307,-0.204,-0.523,-0.045,-0.638,-0.463,0.248,0.047,0.314,0.106,-0.125,0.481,0.474,-0.519
CMCSA,-0.028,0.327,0.072,0.415,0.052,0.295,-0.314,-0.078,0.55,0.288,0.514,-0.207,0.001,-0.103,0.139,1.0,0.315,0.261,0.118,0.559,0.371,0.287,0.049,0.106,0.09,0.168,0.186,-0.149,-0.241,-0.019,-0.015,0.118,0.115,-0.157,-0.006,0.058,0.413,0.176,0.162,-0.052,0.153,-0.167,-0.012,0.345,-0.111,0.347,0.242,0.345,0.142,0.218,0.532,-0.037,0.473,0.43,0.389,0.27,0.096,0.135,0.488,0.168,0.091,-0.177,0.049,0.065,-0.021,0.16,0.344,0.217,-0.249,0.437,0.321,-0.048,-0.101,-0.018,0.295,0.355,-0.378,0.009,0.289,0.284,-0.165,0.294,0.366,-0.294,0.288,0.142,-0.158,0.538,0.294,0.444,0.171,0.392,0.063,-0.264,0.037,0.147,0.26,-0.055,0.384,0.33
CPRT,0.079,0.575,-0.153,0.833,0.697,0.522,-0.565,-0.137,0.744,-0.294,0.537,0.46,-0.341,-0.053,-0.546,0.315,1.0,0.768,0.06,0.196,0.534,0.227,0.067,0.703,0.642,0.722,0.638,0.171,0.41,0.485,-0.12,0.058,0.08,0.149,0.333,0.29,0.828,-0.499,0.378,-0.17,0.613,0.127,0.265,0.748,-0.364,0.222,0.783,0.286,0.258,-0.02,0.658,0.719,0.598,0.101,-0.08,0.568,0.768,0.592,0.265,0.777,0.299,-0.005,0.566,0.799,-0.149,0.684,0.693,-0.229,-0.46,0.39,0.579,0.676,-0.496,0.677,0.671,0.807,-0.028,-0.364,0.613,0.714,0.112,0.699,0.626,-0.197,0.711,0.614,-0.173,0.625,0.742,0.319,0.763,0.809,0.15,0.183,-0.044,-0.005,0.452,-0.185,-0.129,0.379
CRWD,-0.29,0.322,-0.383,0.815,0.595,0.37,-0.607,-0.355,0.464,-0.167,0.458,0.239,-0.509,-0.202,-0.632,0.261,0.768,1.0,-0.284,-0.094,0.573,0.105,-0.176,0.323,0.266,0.565,0.552,-0.077,0.17,0.395,-0.419,-0.25,-0.249,-0.147,-0.082,-0.121,0.662,-0.505,0.582,-0.515,0.388,-0.194,-0.148,0.796,-0.619,-0.136,0.515,-0.078,-0.095,-0.308,0.554,0.545,0.481,-0.042,-0.114,0.821,0.67,0.449,0.098,0.54,-0.088,-0.141,0.364,0.715,-0.434,0.768,0.452,-0.39,-0.58,0.437,0.348,0.624,-0.575,0.722,0.611,0.598,-0.116,-0.574,0.833,0.738,-0.226,0.267,0.328,-0.361,0.598,0.403,-0.399,0.331,0.675,0.183,0.798,0.6,-0.27,-0.102,-0.351,0.078,0.322,-0.494,-0.246,0.713
CSCO,0.705,0.453,0.746,-0.157,-0.05,0.307,0.435,0.665,0.423,0.082,0.008,0.456,0.615,0.402,0.38,0.118,0.06,-0.284,1.0,0.586,-0.352,0.025,0.767,0.511,0.441,0.108,0.266,0.423,0.575,-0.15,0.707,0.782,0.771,0.781,0.777,0.703,0.153,0.401,-0.429,0.68,0.307,0.682,0.748,-0.292,0.629,0.465,0.419,0.646,0.53,0.727,-0.136,0.107,0.252,0.323,0.038,-0.411,-0.003,-0.16,0.099,0.04,0.664,0.531,0.323,-0.06,0.851,-0.275,0.228,0.503,0.713,-0.041,0.286,0.044,0.624,-0.404,0.013,0.208,0.089,0.693,-0.421,-0.187,0.56,0.573,0.473,0.581,0.009,0.017,0.621,0.416,-0.023,0.311,-0.236,0.244,0.744,0.657,0.769,-0.119,0.233,0.757,0.183,-0.53
CSX,0.399,0.21,0.634,0.072,-0.137,0.029,0.171,0.418,0.427,0.396,0.392,0.153,0.545,0.039,0.391,0.559,0.196,-0.094,0.586,1.0,0.116,0.003,0.467,0.258,0.39,0.27,0.151,-0.03,0.31,-0.073,0.508,0.322,0.327,0.295,0.501,0.506,0.237,0.351,-0.023,0.458,0.119,0.221,0.393,0.035,0.361,0.52,0.293,0.435,0.193,0.403,0.409,-0.047,0.138,0.602,0.538,-0.083,-0.072,-0.099,0.574,0.065,0.611,0.385,0.137,-0.015,0.489,-0.112,0.319,0.667,0.209,0.333,0.144,-0.026,0.413,-0.283,-0.074,0.223,-0.282,0.494,-0.14,-0.0,0.149,0.472,0.577,0.063,0.125,0.038,0.182,0.412,0.06,0.632,-0.064,0.289,0.496,0.264,0.521,0.318,0.488,0.501,0.444,-0.097
DKNG,-0.147,0.059,-0.292,0.546,0.328,0.014,-0.575,-0.433,0.35,0.134,0.555,-0.11,-0.332,-0.437,-0.491,0.371,0.534,0.573,-0.352,0.116,1.0,0.001,-0.148,0.089,0.258,0.538,0.263,-0.367,-0.044,0.505,-0.295,-0.373,-0.35,-0.398,-0.144,-0.124,0.574,-0.162,0.449,-0.314,0.254,-0.435,-0.305,0.579,-0.398,0.192,0.326,-0.015,-0.115,-0.323,0.701,0.438,0.212,0.233,0.1,0.617,0.493,0.476,0.413,0.442,-0.024,-0.132,0.222,0.51,-0.398,0.634,0.359,-0.405,-0.693,0.638,0.261,0.477,-0.516,0.449,0.31,0.417,-0.34,-0.42,0.555,0.709,-0.262,0.179,0.32,-0.408,0.428,0.434,-0.426,0.305,0.422,0.42,0.615,0.457,-0.085,-0.4,-0.177,0.37,0.418,-0.398,-0.243,0.498
EBAY,-0.135,0.625,-0.27,0.228,0.287,0.695,-0.317,-0.228,0.357,-0.413,-0.066,-0.137,-0.264,0.547,-0.168,0.287,0.227,0.105,0.025,0.003,0.001,1.0,-0.099,0.247,-0.015,-0.158,0.282,0.305,-0.238,-0.019,-0.141,0.348,0.366,-0.004,-0.101,0.013,0.207,-0.173,-0.295,-0.202,0.3,0.062,0.284,0.246,-0.061,0.25,0.141,0.381,0.576,0.36,-0.043,0.147,0.642,-0.426,-0.286,-0.045,0.218,0.157,-0.22,0.344,-0.258,-0.399,0.019,-0.02,-0.099,-0.009,0.261,-0.095,-0.003,-0.127,0.512,-0.191,-0.268,0.086,0.667,0.323,0.387,-0.067,0.033,0.095,0.086,0.173,-0.019,-0.096,0.091,0.229,-0.187,0.506,0.245,-0.175,0.169,0.267,-0.026,-0.124,-0.256,-0.393,-0.34,-0.178,0.132,0.035
ERIC,0.559,0.38,0.663,-0.077,0.08,0.238,0.359,0.502,0.419,0.212,0.081,0.237,0.524,0.212,0.153,0.049,0.067,-0.176,0.767,0.467,-0.148,-0.099,1.0,0.347,0.394,0.155,0.149,0.353,0.529,-0.025,0.534,0.669,0.66,0.605,0.685,0.597,0.217,0.28,-0.307,0.551,0.272,0.516,0.571,-0.191,0.513,0.408,0.436,0.572,0.472,0.54,-0.063,0.065,0.187,0.318,0.006,-0.216,0.049,-0.042,0.069,0.057,0.68,0.563,0.399,-0.013,0.717,-0.246,0.237,0.398,0.474,0.192,0.266,0.067,0.481,-0.169,0.074,0.199,0.086,0.59,-0.249,-0.11,0.629,0.456,0.592,0.49,-0.055,0.099,0.501,0.321,0.069,0.408,-0.147,0.27,0.648,0.522,0.694,-0.039,0.396,0.722,-0.008,-0.387
EXC,0.542,0.658,0.15,0.447,0.526,0.62,-0.227,0.169,0.704,-0.405,0.274,0.673,-0.094,0.3,-0.252,0.106,0.703,0.323,0.511,0.258,0.089,0.247,0.347,1.0,0.759,0.518,0.584,0.445,0.587,0.378,0.127,0.488,0.509,0.638,0.628,0.604,0.604,-0.314,-0.033,0.355,0.657,0.534,0.632,0.312,-0.019,0.39,0.815,0.552,0.562,0.362,0.256,0.718,0.57,0.082,-0.219,0.105,0.586,0.38,0.098,0.567,0.433,0.172,0.68,0.576,0.313,0.42,0.513,-0.019,0.032,0.038,0.628,0.592,-0.061,0.256,0.5,0.724,0.082,0.001,0.174,0.441,0.45,0.828,0.579,0.231,0.625,0.539,0.306,0.614,0.534,0.144,0.511,0.737,0.601,0.58,0.36,-0.316,0.289,0.176,-0.025,-0.113
FITB,0.582,0.486,0.216,0.394,0.455,0.332,-0.164,0.284,0.603,-0.198,0.354,0.605,0.047,0.146,-0.303,0.09,0.642,0.266,0.441,0.39,0.258,-0.015,0.394,0.759,1.0,0.62,0.445,0.252,0.699,0.313,0.257,0.327,0.334,0.572,0.755,0.66,0.558,-0.221,0.126,0.397,0.448,0.381,0.587,0.256,0.041,0.504,0.763,0.498,0.449,0.171,0.406,0.661,0.314,0.351,-0.089,0.224,0.456,0.323,0.33,0.559,0.601,0.418,0.701,0.582,0.302,0.46,0.532,0.047,-0.105,0.141,0.424,0.566,-0.058,0.266,0.368,0.635,0.022,0.135,0.249,0.358,0.531,0.753,0.708,0.194,0.497,0.524,0.34,0.537,0.391,0.415,0.479,0.641,0.636,0.567,0.516,-0.013,0.5,0.228,-0.155,-0.076
FLEX,0.171,0.288,0.125,0.603,0.594,0.175,-0.393,-0.065,0.539,-0.032,0.591,0.476,-0.186,-0.329,-0.478,0.168,0.722,0.565,0.108,0.27,0.538,-0.158,0.155,0.518,0.62,1.0,0.438,-0.061,0.391,0.46,-0.03,-0.078,-0.047,0.109,0.319,0.323,0.706,-0.315,0.46,-0.001,0.538,0.007,0.107,0.635,-0.287,0.311,0.678,0.148,0.036,-0.145,0.61,0.593,0.279,0.324,0.037,0.514,0.586,0.512,0.406,0.679,0.338,0.137,0.604,0.682,-0.104,0.585,0.537,-0.075,-0.301,0.466,0.342,0.72,-0.272,0.506,0.334,0.649,-0.277,-0.205,0.55,0.633,0.11,0.573,0.593,-0.073,0.623,0.624,-0.093,0.427,0.547,0.541,0.628,0.666,0.217,0.28,0.102,0.165,0.535,-0.086,-0.19,0.308
FTNT,0.152,0.578,-0.042,0.538,0.591,0.577,-0.341,-0.099,0.611,-0.169,0.37,0.44,-0.215,0.119,-0.307,0.186,0.638,0.552,0.266,0.151,0.263,0.282,0.149,0.584,0.445,0.438,1.0,0.254,0.418,0.311,0.036,0.231,0.263,0.249,0.242,0.197,0.551,-0.274,0.105,-0.092,0.633,0.323,0.308,0.448,-0.16,0.227,0.627,0.4,0.376,0.241,0.313,0.611,0.637,-0.121,-0.158,0.374,0.636,0.407,-0.019,0.547,0.134,0.045,0.544,0.508,0.004,0.463,0.63,-0.218,-0.092,0.229,0.535,0.525,-0.265,0.355,0.621,0.542,-0.055,-0.119,0.399,0.488,0.243,0.512,0.449,0.12,0.501,0.358,0.083,0.59,0.575,0.3,0.57,0.677,0.133,0.212,0.084,-0.129,0.178,-0.098,-0.13,0.208
GEN,0.342,0.547,0.229,-0.02,0.272,0.521,0.172,0.285,0.239,-0.313,-0.303,0.368,0.146,0.558,0.02,-0.149,0.171,-0.077,0.423,-0.03,-0.367,0.305,0.353,0.445,0.252,-0.061,0.254,1.0,0.375,0.001,0.234,0.588,0.586,0.53,0.46,0.432,0.085,-0.138,-0.376,0.279,0.262,0.493,0.565,-0.121,0.302,0.28,0.267,0.376,0.54,0.402,-0.356,0.227,0.39,-0.168,-0.376,-0.28,0.198,-0.085,-0.208,0.189,0.206,0.198,0.24,0.063,0.398,-0.183,0.178,0.155,0.336,-0.289,0.211,0.011,0.169,0.095,0.324,0.217,0.39,0.273,-0.221,-0.142,0.501,0.36,0.217,0.329,-0.024,0.089,0.455,0.271,0.107,-0.135,-0.055,0.171,0.332,0.454,0.298,-0.409,0.048,0.403,-0.052,-0.372
GERN,0.488,0.313,0.443,0.137,0.271,0.181,0.177,0.52,0.313,-0.192,0.053,0.65,0.274,0.188,-0.125,-0.241,0.41,0.17,0.575,0.31,-0.044,-0.238,0.529,0.587,0.699,0.391,0.418,0.375,1.0,0.232,0.463,0.382,0.399,0.717,0.792,0.591,0.316,-0.067,-0.004,0.387,0.298,0.476,0.598,0.059,0.231,0.142,0.584,0.35,0.287,0.206,0.109,0.474,0.118,0.171,-0.08,0.075,0.31,0.097,0.02,0.28,0.596,0.687,0.489,0.451,0.556,0.213,0.292,0.149,0.268,0.031,0.177,0.464,0.212,0.116,0.133,0.352,0.129,0.254,-0.002,0.137,0.488,0.502,0.604,0.365,0.172,0.177,0.433,0.247,0.189,0.319,0.229,0.37,0.497,0.667,0.514,0.075,0.448,0.438,-0.224,-0.186
GEVO,-0.038,0.141,-0.231,0.453,0.498,0.142,-0.507,-0.298,0.295,-0.235,0.343,0.181,-0.388,-0.128,-0.507,-0.019,0.485,0.395,-0.15,-0.073,0.505,-0.019,-0.025,0.378,0.313,0.46,0.311,0.001,0.232,1.0,-0.4,-0.239,-0.19,-0.12,0.003,-0.04,0.508,-0.436,0.327,-0.085,0.402,-0.191,-0.173,0.489,-0.384,0.141,0.374,-0.074,-0.011,-0.319,0.401,0.629,0.207,0.015,-0.063,0.463,0.525,0.543,0.134,0.46,-0.055,-0.016,0.33,0.575,-0.282,0.532,0.281,-0.358,-0.406,0.241,0.227,0.675,-0.373,0.506,0.342,0.464,-0.091,-0.334,0.447,0.59,-0.007,0.194,0.422,-0.256,0.497,0.514,-0.115,0.157,0.486,0.148,0.58,0.464,0.028,-0.087,-0.149,0.044,0.29,-0.293,-0.211,0.256
GILD,0.486,0.129,0.73,-0.329,-0.279,-0.052,0.613,0.636,0.07,0.259,-0.114,0.293,0.712,0.169,0.44,-0.015,-0.12,-0.419,0.707,0.508,-0.295,-0.141,0.534,0.127,0.257,-0.03,0.036,0.234,0.463,-0.4,1.0,0.58,0.598,0.587,0.67,0.591,-0.152,0.533,-0.367,0.558,0.0,0.561,0.591,-0.423,0.713,0.25,0.098,0.444,0.349,0.58,-0.188,-0.159,-0.056,0.251,0.192,-0.431,-0.137,-0.318,0.166,-0.026,0.664,0.499,0.051,-0.222,0.751,-0.466,0.152,0.519,0.617,-0.115,-0.062,-0.228,0.528,-0.478,-0.271,-0.158,0.008,0.69,-0.535,-0.398,0.355,0.314,0.208,0.517,-0.266,-0.288,0.492,0.129,-0.304,0.315,-0.444,-0.097,0.459,0.459,0.681,0.259,0.092,0.791,0.188,-0.566
GOOG,0.535,0.619,0.469,-0.15,0.085,0.581,0.296,0.511,0.412,-0.178,-0.186,0.269,0.348,0.535,0.216,0.118,0.058,-0.25,0.782,0.322,-0.373,0.348,0.669,0.488,0.327,-0.078,0.231,0.588,0.382,-0.239,0.58,1.0,0.974,0.787,0.683,0.713,0.096,0.215,-0.572,0.549,0.281,0.681,0.834,-0.283,0.571,0.389,0.417,0.756,0.81,0.841,-0.355,0.077,0.459,0.005,-0.265,-0.39,0.15,-0.133,-0.152,0.101,0.459,0.259,0.366,-0.093,0.722,-0.347,0.228,0.327,0.591,-0.265,0.431,-0.132,0.363,-0.29,0.278,0.233,0.311,0.537,-0.359,-0.195,0.652,0.515,0.264,0.606,-0.03,-0.009,0.554,0.532,0.008,0.093,-0.186,0.254,0.619,0.533,0.627,-0.372,-0.066,0.659,0.08,-0.548
GOOGL,0.533,0.636,0.486,-0.135,0.147,0.61,0.287,0.479,0.421,-0.188,-0.16,0.263,0.307,0.52,0.195,0.115,0.08,-0.249,0.771,0.327,-0.35,0.366,0.66,0.509,0.334,-0.047,0.263,0.586,0.399,-0.19,0.598,0.974,1.0,0.765,0.679,0.701,0.122,0.192,-0.573,0.54,0.322,0.686,0.818,-0.233,0.518,0.393,0.442,0.78,0.825,0.824,-0.323,0.095,0.494,-0.036,-0.24,-0.361,0.177,-0.071,-0.165,0.177,0.437,0.235,0.374,-0.048,0.723,-0.313,0.264,0.307,0.578,-0.231,0.445,-0.118,0.32,-0.265,0.304,0.25,0.286,0.506,-0.331,-0.158,0.683,0.515,0.283,0.594,-0.033,0.028,0.549,0.541,0.048,0.122,-0.142,0.293,0.606,0.534,0.575,-0.349,-0.072,0.631,0.086,-0.515
GT,0.657,0.424,0.491,-0.162,0.09,0.365,0.347,0.648,0.283,-0.222,-0.205,0.59,0.357,0.42,0.134,-0.157,0.149,-0.147,0.781,0.295,-0.398,-0.004,0.605,0.638,0.572,0.109,0.249,0.53,0.717,-0.12,0.587,0.787,0.765,1.0,0.854,0.798,0.072,0.13,-0.417,0.664,0.285,0.749,0.856,-0.318,0.507,0.234,0.5,0.589,0.607,0.626,-0.293,0.283,0.184,0.108,-0.247,-0.303,0.181,-0.126,-0.147,0.066,0.603,0.511,0.525,0.142,0.772,-0.122,0.196,0.295,0.551,-0.307,0.258,0.164,0.434,-0.218,0.084,0.256,0.241,0.446,-0.296,-0.104,0.604,0.58,0.334,0.665,0.06,-0.003,0.644,0.328,0.047,0.064,-0.023,0.245,0.662,0.767,0.721,-0.309,0.082,0.633,-0.046,-0.578
HBAN,0.719,0.454,0.584,-0.011,0.191,0.279,0.265,0.689,0.423,-0.065,0.008,0.619,0.452,0.269,0.107,-0.006,0.333,-0.082,0.777,0.501,-0.144,-0.101,0.685,0.628,0.755,0.319,0.242,0.46,0.792,0.003,0.67,0.683,0.679,0.854,1.0,0.893,0.258,0.136,-0.28,0.65,0.27,0.66,0.823,-0.162,0.552,0.399,0.585,0.616,0.546,0.509,0.004,0.337,0.183,0.356,-0.081,-0.174,0.231,-0.025,0.143,0.266,0.791,0.655,0.539,0.269,0.739,-0.034,0.319,0.365,0.391,-0.093,0.248,0.246,0.358,-0.089,0.103,0.341,0.191,0.472,-0.19,-0.037,0.661,0.701,0.605,0.506,0.126,0.104,0.607,0.395,0.073,0.366,0.036,0.357,0.753,0.733,0.767,-0.038,0.394,0.693,-0.045,-0.484
HST,0.682,0.5,0.528,-0.05,0.19,0.325,0.177,0.61,0.379,-0.104,-0.004,0.565,0.387,0.278,0.106,0.058,0.29,-0.121,0.703,0.506,-0.124,0.013,0.597,0.604,0.66,0.323,0.197,0.432,0.591,-0.04,0.591,0.713,0.701,0.798,0.893,1.0,0.218,0.176,-0.332,0.635,0.336,0.663,0.838,-0.171,0.565,0.501,0.54,0.643,0.639,0.582,-0.049,0.261,0.221,0.335,-0.153,-0.226,0.253,-0.011,0.164,0.273,0.711,0.488,0.55,0.223,0.689,-0.098,0.3,0.357,0.36,-0.126,0.304,0.168,0.313,-0.098,0.113,0.321,0.191,0.466,-0.187,-0.031,0.632,0.73,0.461,0.522,0.186,0.106,0.559,0.449,0.068,0.366,0.028,0.336,0.717,0.659,0.751,-0.15,0.271,0.662,0.029,-0.513
INTC,0.091,0.639,-0.082,0.845,0.675,0.557,-0.587,-0.217,0.815,-0.221,0.664,0.238,-0.329,-0.077,-0.55,0.413,0.828,0.662,0.153,0.237,0.574,0.207,0.217,0.604,0.558,0.706,0.551,0.085,0.316,0.508,-0.152,0.096,0.122,0.072,0.258,0.218,1.0,-0.356,0.343,-0.21,0.679,-0.008,0.19,0.788,-0.396,0.376,0.83,0.427,0.242,0.054,0.648,0.6,0.703,0.198,-0.12,0.511,0.714,0.628,0.302,0.746,0.238,-0.052,0.564,0.725,-0.084,0.657,0.68,-0.259,-0.412,0.553,0.72,0.603,-0.421,0.655,0.696,0.874,-0.142,-0.278,0.571,0.762,0.171,0.639,0.68,-0.164,0.654,0.75,-0.206,0.72,0.723,0.482,0.683,0.885,0.205,0.076,-0.014,-0.044,0.557,-0.144,-0.161,0.458
IOVA,0.29,-0.176,0.492,-0.518,-0.524,-0.29,0.523,0.325,-0.207,0.491,-0.148,-0.126,0.583,-0.081,0.594,0.176,-0.499,-0.505,0.401,0.351,-0.162,-0.173,0.28,-0.314,-0.221,-0.315,-0.274,-0.138,-0.067,-0.436,0.533,0.215,0.192,0.13,0.136,0.176,-0.356,1.0,-0.336,0.357,-0.206,0.132,0.07,-0.569,0.587,0.132,-0.316,0.146,0.017,0.364,-0.187,-0.435,-0.259,0.323,0.303,-0.431,-0.451,-0.392,0.13,-0.403,0.22,0.285,-0.26,-0.464,0.513,-0.458,-0.247,0.352,0.446,0.042,-0.229,-0.377,0.567,-0.679,-0.487,-0.418,-0.212,0.526,-0.54,-0.4,-0.043,-0.067,-0.112,0.296,-0.376,-0.411,0.266,-0.1,-0.467,0.214,-0.538,-0.366,0.232,-0.062,0.394,0.261,-0.026,0.465,0.185,-0.427
IQ,-0.366,-0.201,-0.222,0.571,0.189,-0.234,-0.342,-0.299,0.116,0.071,0.598,0.075,-0.277,-0.454,-0.477,0.162,0.378,0.582,-0.429,-0.023,0.449,-0.295,-0.307,-0.033,0.126,0.46,0.105,-0.376,-0.004,0.327,-0.367,-0.572,-0.573,-0.417,-0.28,-0.332,0.343,-0.336,1.0,-0.38,0.076,-0.43,-0.464,0.638,-0.64,-0.169,0.113,-0.442,-0.498,-0.673,0.575,0.177,-0.016,0.228,0.333,0.674,0.138,0.206,0.412,0.257,-0.068,-0.063,-0.07,0.347,-0.501,0.476,0.236,-0.136,-0.529,0.467,-0.125,0.406,-0.455,0.539,0.088,0.255,-0.394,-0.353,0.672,0.333,-0.394,-0.053,0.192,-0.595,0.492,0.33,-0.381,-0.073,0.32,0.228,0.371,0.243,-0.295,-0.149,-0.346,0.419,0.419,-0.411,0.008,0.762
JBLU,0.822,0.026,0.691,-0.45,-0.256,-0.048,0.561,0.584,0.063,0.146,-0.114,0.298,0.55,0.237,0.489,-0.052,-0.17,-0.515,0.68,0.458,-0.314,-0.202,0.551,0.355,0.397,-0.001,-0.092,0.279,0.387,-0.085,0.558,0.549,0.54,0.664,0.65,0.635,-0.21,0.357,-0.38,1.0,0.069,0.552,0.512,-0.578,0.591,0.386,0.138,0.323,0.344,0.465,-0.23,0.033,-0.137,0.368,0.159,-0.46,-0.13,-0.293,0.162,-0.212,0.568,0.438,0.258,-0.173,0.677,-0.359,-0.057,0.535,0.551,-0.209,-0.055,0.017,0.66,-0.508,-0.334,-0.072,0.003,0.626,-0.482,-0.285,0.492,0.333,0.198,0.532,-0.02,-0.107,0.632,0.088,-0.199,0.116,-0.282,-0.055,0.815,0.516,0.749,-0.039,0.124,0.67,0.227,-0.652
JD,0.21,0.691,0.041,0.547,0.618,0.601,-0.385,-0.2,0.631,-0.278,0.456,0.358,-0.29,0.085,-0.444,0.153,0.613,0.388,0.307,0.119,0.254,0.3,0.272,0.657,0.448,0.538,0.633,0.262,0.298,0.402,0.0,0.281,0.322,0.285,0.27,0.336,0.679,-0.206,0.076,0.069,1.0,0.297,0.342,0.433,-0.14,0.338,0.677,0.435,0.468,0.233,0.271,0.6,0.667,-0.111,-0.26,0.292,0.674,0.569,0.026,0.686,0.198,-0.115,0.585,0.55,0.042,0.361,0.621,-0.293,-0.07,0.29,0.648,0.544,-0.272,0.452,0.617,0.695,-0.026,-0.096,0.358,0.546,0.242,0.609,0.43,0.12,0.588,0.613,-0.05,0.625,0.695,0.325,0.507,0.699,0.246,0.176,0.092,-0.246,0.166,-0.061,-0.098,0.132
KDP,0.592,0.416,0.443,-0.153,0.14,0.332,0.298,0.472,0.264,-0.133,-0.117,0.553,0.314,0.393,0.182,-0.167,0.127,-0.194,0.682,0.221,-0.435,0.062,0.516,0.534,0.381,0.007,0.323,0.493,0.476,-0.191,0.561,0.681,0.686,0.749,0.66,0.663,-0.008,0.132,-0.43,0.552,0.297,1.0,0.719,-0.323,0.54,0.249,0.372,0.535,0.556,0.622,-0.348,0.187,0.226,-0.055,-0.217,-0.327,0.147,-0.132,-0.168,0.096,0.553,0.314,0.42,0.029,0.578,-0.25,0.242,0.262,0.528,-0.267,0.244,0.067,0.289,-0.185,0.043,0.111,0.246,0.427,-0.33,-0.211,0.611,0.516,0.196,0.598,0.043,-0.007,0.525,0.261,-0.021,0.039,-0.115,0.155,0.546,0.605,0.617,-0.289,-0.016,0.587,-0.015,-0.57
KHC,0.587,0.639,0.419,-0.048,0.198,0.506,0.198,0.609,0.424,-0.268,-0.101,0.514,0.361,0.524,0.086,-0.012,0.265,-0.148,0.748,0.393,-0.305,0.284,0.571,0.632,0.587,0.107,0.308,0.565,0.598,-0.173,0.591,0.834,0.818,0.856,0.823,0.838,0.19,0.07,-0.464,0.512,0.342,0.719,1.0,-0.187,0.545,0.406,0.517,0.745,0.774,0.694,-0.187,0.237,0.347,0.11,-0.297,-0.346,0.221,-0.052,-0.045,0.229,0.623,0.409,0.464,0.128,0.712,-0.168,0.373,0.302,0.499,-0.232,0.403,0.017,0.283,-0.129,0.281,0.347,0.358,0.472,-0.292,-0.131,0.652,0.673,0.346,0.555,0.086,0.05,0.523,0.548,0.045,0.175,-0.013,0.319,0.656,0.689,0.657,-0.322,0.077,0.622,-0.017,-0.534
LRCX,-0.366,0.363,-0.328,0.904,0.627,0.36,-0.715,-0.468,0.553,-0.238,0.621,0.072,-0.543,-0.221,-0.666,0.345,0.748,0.796,-0.292,0.035,0.579,0.246,-0.191,0.312,0.256,0.635,0.448,-0.121,0.059,0.489,-0.423,-0.283,-0.233,-0.318,-0.162,-0.171,0.788,-0.569,0.638,-0.578,0.433,-0.323,-0.187,1.0,-0.708,0.062,0.542,0.02,-0.076,-0.303,0.681,0.448,0.529,-0.04,0.041,0.698,0.547,0.606,0.221,0.701,-0.101,-0.285,0.259,0.641,-0.485,0.684,0.536,-0.296,-0.61,0.495,0.477,0.494,-0.675,0.755,0.642,0.671,-0.178,-0.543,0.76,0.712,-0.16,0.291,0.437,-0.507,0.582,0.651,-0.509,0.409,0.668,0.284,0.7,0.698,-0.251,-0.132,-0.44,0.077,0.376,-0.48,-0.018,0.783
LYFT,0.476,0.067,0.594,-0.614,-0.371,-0.108,0.541,0.655,-0.113,0.252,-0.394,0.193,0.712,0.289,0.536,-0.111,-0.364,-0.619,0.629,0.361,-0.398,-0.061,0.513,-0.019,0.041,-0.287,-0.16,0.302,0.231,-0.384,0.713,0.571,0.518,0.507,0.552,0.565,-0.396,0.587,-0.64,0.591,-0.14,0.54,0.545,-0.708,1.0,0.246,-0.165,0.363,0.352,0.54,-0.469,-0.223,-0.231,0.181,-0.008,-0.606,-0.339,-0.488,-0.032,-0.305,0.489,0.507,-0.04,-0.454,0.703,-0.65,-0.129,0.471,0.712,-0.302,-0.187,-0.343,0.606,-0.603,-0.374,-0.328,0.284,0.712,-0.688,-0.593,0.355,0.147,0.047,0.523,-0.444,-0.44,0.575,-0.052,-0.528,0.134,-0.61,-0.324,0.458,0.355,0.697,0.049,-0.046,0.75,0.108,-0.779
MARA,0.473,0.499,0.386,0.12,0.138,0.305,0.018,0.171,0.472,0.118,0.279,0.115,0.262,0.333,0.079,0.347,0.222,-0.136,0.465,0.52,0.192,0.25,0.408,0.39,0.504,0.311,0.227,0.28,0.142,0.141,0.25,0.389,0.393,0.234,0.399,0.501,0.376,0.132,-0.169,0.386,0.338,0.249,0.406,0.062,0.246,1.0,0.365,0.532,0.469,0.412,0.23,0.177,0.384,0.417,-0.0,-0.122,0.151,0.079,0.543,0.309,0.369,0.14,0.335,0.026,0.324,-0.01,0.376,0.284,0.094,0.264,0.37,0.059,0.217,-0.039,0.241,0.388,-0.059,0.493,-0.1,0.096,0.403,0.519,0.483,0.143,0.232,0.435,0.286,0.598,0.129,0.505,0.014,0.362,0.539,0.233,0.453,0.006,0.344,0.367,0.093,-0.198
MCHP,0.401,0.675,0.099,0.658,0.676,0.614,-0.378,0.052,0.836,-0.307,0.5,0.485,-0.226,0.048,-0.431,0.242,0.783,0.515,0.419,0.293,0.326,0.141,0.436,0.815,0.763,0.678,0.627,0.267,0.584,0.374,0.098,0.417,0.442,0.5,0.585,0.54,0.83,-0.316,0.113,0.138,0.677,0.372,0.517,0.542,-0.165,0.365,1.0,0.628,0.491,0.352,0.421,0.696,0.639,0.141,-0.155,0.307,0.723,0.559,0.124,0.686,0.465,0.11,0.822,0.741,0.206,0.556,0.671,-0.13,-0.171,0.285,0.782,0.634,-0.239,0.448,0.616,0.831,-0.019,-0.132,0.38,0.665,0.493,0.826,0.7,0.231,0.614,0.651,0.094,0.737,0.671,0.366,0.656,0.895,0.486,0.437,0.303,-0.228,0.463,0.091,-0.117,0.127
MDLZ,0.503,0.719,0.339,0.122,0.32,0.639,-0.1,0.279,0.618,-0.166,0.18,0.172,0.12,0.303,-0.012,0.345,0.286,-0.078,0.646,0.435,-0.015,0.381,0.572,0.552,0.498,0.148,0.4,0.376,0.35,-0.074,0.444,0.756,0.78,0.589,0.616,0.643,0.427,0.146,-0.442,0.323,0.435,0.535,0.745,0.02,0.363,0.532,0.628,1.0,0.803,0.742,0.008,0.211,0.576,0.117,-0.24,-0.211,0.271,0.194,0.016,0.331,0.482,0.151,0.575,0.128,0.57,-0.004,0.508,0.148,0.253,0.061,0.686,0.023,0.067,-0.078,0.423,0.446,0.106,0.303,-0.15,0.138,0.653,0.648,0.462,0.478,0.123,0.275,0.388,0.72,0.16,0.364,0.118,0.521,0.59,0.378,0.545,-0.305,0.145,0.447,-0.002,-0.287
META,0.386,0.754,0.152,0.056,0.318,0.743,-0.048,0.252,0.494,-0.359,-0.107,0.232,0.068,0.552,-0.116,0.142,0.258,-0.095,0.53,0.193,-0.115,0.576,0.472,0.562,0.449,0.036,0.376,0.54,0.287,-0.011,0.349,0.81,0.825,0.607,0.546,0.639,0.242,0.017,-0.498,0.344,0.468,0.556,0.774,-0.076,0.352,0.469,0.491,0.803,1.0,0.676,-0.208,0.303,0.591,-0.12,-0.417,-0.228,0.343,0.121,-0.159,0.385,0.317,0.073,0.488,0.07,0.46,-0.117,0.397,0.023,0.286,-0.187,0.549,-0.033,0.019,-0.046,0.523,0.371,0.371,0.338,-0.162,0.001,0.626,0.52,0.282,0.445,0.145,0.192,0.408,0.652,0.194,0.09,0.095,0.384,0.48,0.342,0.452,-0.42,-0.135,0.377,-0.052,-0.408
MNST,0.49,0.511,0.438,-0.167,-0.027,0.465,0.314,0.372,0.385,-0.058,-0.106,0.121,0.319,0.419,0.391,0.218,-0.02,-0.308,0.727,0.403,-0.323,0.36,0.54,0.362,0.171,-0.145,0.241,0.402,0.206,-0.319,0.58,0.841,0.824,0.626,0.509,0.582,0.054,0.364,-0.673,0.465,0.233,0.622,0.694,-0.303,0.54,0.412,0.352,0.742,0.676,1.0,-0.262,-0.03,0.394,0.004,-0.077,-0.512,0.107,-0.049,-0.089,0.016,0.388,0.052,0.328,-0.127,0.649,-0.358,0.216,0.326,0.521,-0.164,0.52,-0.22,0.436,-0.448,0.161,0.136,0.167,0.448,-0.492,-0.083,0.504,0.497,0.17,0.667,-0.084,-0.051,0.364,0.533,0.027,0.061,-0.196,0.197,0.52,0.349,0.517,-0.345,-0.149,0.563,0.242,-0.57
MRNA,-0.05,0.109,-0.082,0.679,0.311,-0.004,-0.449,-0.234,0.512,0.196,0.746,0.04,-0.157,-0.358,-0.243,0.532,0.658,0.554,-0.136,0.409,0.701,-0.043,-0.063,0.256,0.406,0.61,0.313,-0.356,0.109,0.401,-0.188,-0.355,-0.323,-0.293,0.004,-0.049,0.648,-0.187,0.575,-0.23,0.271,-0.348,-0.187,0.681,-0.469,0.23,0.421,0.008,-0.208,-0.262,1.0,0.291,0.231,0.471,0.45,0.574,0.337,0.537,0.66,0.47,0.175,0.027,0.168,0.54,-0.264,0.582,0.447,-0.046,-0.617,0.712,0.264,0.418,-0.335,0.398,0.294,0.489,-0.459,-0.309,0.567,0.598,-0.206,0.391,0.55,-0.432,0.496,0.464,-0.385,0.367,0.499,0.541,0.573,0.586,0.038,-0.192,-0.171,0.445,0.62,-0.265,0.066,0.546
MRVL,0.237,0.453,-0.214,0.546,0.647,0.444,-0.467,-0.17,0.582,-0.413,0.28,0.63,-0.424,0.033,-0.57,-0.037,0.719,0.545,0.107,-0.047,0.438,0.147,0.065,0.718,0.661,0.593,0.611,0.227,0.474,0.629,-0.159,0.077,0.095,0.283,0.337,0.261,0.6,-0.435,0.177,0.033,0.6,0.187,0.237,0.448,-0.223,0.177,0.696,0.211,0.303,-0.03,0.291,1.0,0.422,-0.136,-0.28,0.427,0.715,0.498,-0.037,0.667,0.125,0.037,0.666,0.739,-0.107,0.708,0.475,-0.435,-0.285,0.069,0.513,0.854,-0.387,0.483,0.519,0.724,0.072,-0.336,0.429,0.674,0.211,0.548,0.501,-0.013,0.639,0.623,0.076,0.443,0.641,0.058,0.7,0.659,0.243,0.306,0.079,-0.205,0.21,-0.267,-0.273,0.113
MSFT,0.072,0.885,-0.085,0.618,0.605,0.903,-0.405,-0.216,0.759,-0.315,0.338,0.134,-0.32,0.327,-0.332,0.473,0.598,0.481,0.252,0.138,0.212,0.642,0.187,0.57,0.314,0.279,0.637,0.39,0.118,0.207,-0.056,0.459,0.494,0.184,0.183,0.221,0.703,-0.259,-0.016,-0.137,0.667,0.226,0.347,0.529,-0.231,0.384,0.639,0.576,0.591,0.394,0.231,0.422,1.0,-0.164,-0.293,0.296,0.62,0.398,0.021,0.634,0.009,-0.267,0.431,0.401,0.006,0.328,0.58,-0.176,-0.123,0.232,0.751,0.232,-0.314,0.4,0.854,0.719,0.075,-0.102,0.366,0.475,0.259,0.507,0.403,-0.011,0.478,0.508,-0.074,0.813,0.632,0.213,0.461,0.716,0.152,0.048,-0.056,-0.304,0.094,-0.093,-0.027,0.277
MSTR,0.354,-0.095,0.451,0.024,-0.22,-0.277,0.184,0.467,0.208,0.486,0.415,0.098,0.553,-0.213,0.303,0.43,0.101,-0.042,0.323,0.602,0.233,-0.426,0.318,0.082,0.351,0.324,-0.121,-0.168,0.171,0.015,0.251,0.005,-0.036,0.108,0.356,0.335,0.198,0.323,0.228,0.368,-0.111,-0.055,0.11,-0.04,0.181,0.417,0.141,0.117,-0.12,0.004,0.471,-0.136,-0.164,1.0,0.467,-0.024,-0.134,-0.154,0.764,-0.122,0.54,0.467,0.036,0.002,0.345,-0.019,0.126,0.475,0.016,0.446,-0.165,0.04,0.391,-0.168,-0.267,0.078,-0.393,0.401,-0.018,-0.031,0.027,0.301,0.401,-0.032,0.156,-0.033,0.208,0.162,-0.103,0.56,-0.062,0.115,0.431,0.131,0.475,0.44,0.666,0.422,0.13,-0.047
MU,-0.013,-0.398,0.335,0.018,-0.369,-0.479,0.232,0.086,0.034,0.544,0.351,-0.138,0.343,-0.327,0.468,0.389,-0.08,-0.114,0.038,0.538,0.1,-0.286,0.006,-0.219,-0.089,0.037,-0.158,-0.376,-0.08,-0.063,0.192,-0.265,-0.24,-0.247,-0.081,-0.153,-0.12,0.303,0.333,0.159,-0.26,-0.217,-0.297,0.041,-0.008,-0.0,-0.155,-0.24,-0.417,-0.077,0.45,-0.28,-0.293,0.467,1.0,0.01,-0.358,-0.111,0.529,-0.18,0.203,0.091,-0.325,-0.137,0.029,-0.14,-0.015,0.504,-0.055,0.315,-0.281,-0.146,0.234,-0.31,-0.406,-0.206,-0.47,0.15,-0.069,-0.083,-0.307,-0.039,0.178,-0.261,-0.048,-0.178,-0.176,-0.161,-0.094,0.223,-0.164,-0.067,0.022,-0.146,0.021,0.58,0.322,0.105,0.647,0.127
MVIS,-0.361,0.125,-0.347,0.682,0.515,0.137,-0.592,-0.441,0.288,0.01,0.479,0.062,-0.519,-0.324,-0.619,0.27,0.568,0.821,-0.411,-0.083,0.617,-0.045,-0.216,0.105,0.224,0.514,0.374,-0.28,0.075,0.463,-0.431,-0.39,-0.361,-0.303,-0.174,-0.226,0.511,-0.431,0.674,-0.46,0.292,-0.327,-0.346,0.698,-0.606,-0.122,0.307,-0.211,-0.228,-0.512,0.574,0.427,0.296,-0.024,0.01,1.0,0.503,0.416,0.178,0.488,-0.185,-0.08,0.259,0.602,-0.537,0.694,0.373,-0.364,-0.655,0.45,0.124,0.557,-0.623,0.668,0.481,0.44,-0.255,-0.521,0.935,0.612,-0.251,0.044,0.313,-0.476,0.46,0.371,-0.397,0.154,0.527,0.358,0.699,0.484,-0.353,-0.277,-0.364,0.319,0.29,-0.546,-0.278,0.757
NFLX,0.087,0.546,-0.269,0.658,0.729,0.569,-0.489,-0.245,0.562,-0.354,0.339,0.341,-0.474,-0.037,-0.561,0.096,0.768,0.67,-0.003,-0.072,0.493,0.218,0.049,0.586,0.456,0.586,0.636,0.198,0.31,0.525,-0.137,0.15,0.177,0.181,0.231,0.253,0.714,-0.451,0.138,-0.13,0.674,0.147,0.221,0.547,-0.339,0.151,0.723,0.271,0.343,0.107,0.337,0.715,0.62,-0.134,-0.358,0.503,1.0,0.573,0.002,0.722,0.097,-0.172,0.683,0.776,-0.191,0.6,0.617,-0.451,-0.41,0.197,0.608,0.661,-0.463,0.635,0.669,0.689,0.016,-0.389,0.539,0.762,0.158,0.536,0.343,0.072,0.662,0.493,-0.177,0.6,0.715,0.204,0.776,0.721,0.084,0.026,-0.063,-0.143,0.179,-0.207,-0.344,0.22
NNDM,-0.046,0.325,-0.331,0.608,0.642,0.32,-0.627,-0.477,0.443,-0.318,0.49,0.033,-0.601,-0.295,-0.533,0.135,0.592,0.449,-0.16,-0.099,0.476,0.157,-0.042,0.38,0.323,0.512,0.407,-0.085,0.097,0.543,-0.318,-0.133,-0.071,-0.126,-0.025,-0.011,0.628,-0.392,0.206,-0.293,0.569,-0.132,-0.052,0.606,-0.488,0.079,0.559,0.194,0.121,-0.049,0.537,0.498,0.398,-0.154,-0.111,0.416,0.573,1.0,0.005,0.614,-0.049,-0.308,0.447,0.724,-0.307,0.604,0.351,-0.537,-0.532,0.296,0.598,0.525,-0.59,0.518,0.548,0.512,-0.085,-0.545,0.505,0.726,0.133,0.439,0.329,-0.011,0.366,0.576,-0.304,0.393,0.661,0.13,0.678,0.632,-0.011,-0.088,-0.248,-0.196,0.169,-0.42,-0.183,0.308
NVAX,0.165,0.006,0.296,0.26,-0.105,-0.225,0.026,0.093,0.31,0.464,0.568,0.065,0.319,-0.171,0.124,0.488,0.265,0.098,0.099,0.574,0.413,-0.22,0.069,0.098,0.33,0.406,-0.019,-0.208,0.02,0.134,0.166,-0.152,-0.165,-0.147,0.143,0.164,0.302,0.13,0.412,0.162,0.026,-0.168,-0.045,0.221,-0.032,0.543,0.124,0.016,-0.159,-0.089,0.66,-0.037,0.021,0.764,0.529,0.178,0.002,0.005,1.0,0.172,0.401,0.165,-0.011,0.083,0.039,0.095,0.32,0.391,-0.221,0.565,-0.068,0.071,0.133,0.019,-0.1,0.232,-0.475,0.247,0.131,0.128,-0.186,0.304,0.392,-0.279,0.319,0.216,-0.056,0.243,0.074,0.564,0.042,0.192,0.226,-0.036,0.193,0.601,0.569,0.175,0.223,0.161
NVDA,0.036,0.647,-0.151,0.734,0.779,0.555,-0.532,-0.267,0.666,-0.318,0.43,0.402,-0.408,-0.009,-0.622,0.168,0.777,0.54,0.04,0.065,0.442,0.344,0.057,0.567,0.559,0.679,0.547,0.189,0.28,0.46,-0.026,0.101,0.177,0.066,0.266,0.273,0.746,-0.403,0.257,-0.212,0.686,0.096,0.229,0.701,-0.305,0.309,0.686,0.331,0.385,0.016,0.47,0.667,0.634,-0.122,-0.18,0.488,0.722,0.614,0.172,1.0,0.171,-0.114,0.545,0.686,-0.206,0.537,0.712,-0.283,-0.375,0.258,0.578,0.527,-0.55,0.642,0.711,0.745,0.032,-0.28,0.53,0.588,0.208,0.571,0.519,-0.138,0.599,0.703,-0.171,0.587,0.636,0.349,0.634,0.757,0.083,0.114,-0.11,0.012,0.238,-0.182,-0.147,0.285
NWL,0.619,0.242,0.629,0.067,0.012,0.021,0.248,0.579,0.402,0.208,0.213,0.452,0.58,-0.006,0.132,0.091,0.299,-0.088,0.664,0.611,-0.024,-0.258,0.68,0.433,0.601,0.338,0.134,0.206,0.596,-0.055,0.664,0.459,0.437,0.603,0.791,0.711,0.238,0.22,-0.068,0.568,0.198,0.553,0.623,-0.101,0.489,0.369,0.465,0.482,0.317,0.388,0.175,0.125,0.009,0.54,0.203,-0.185,0.097,-0.049,0.401,0.171,1.0,0.564,0.412,0.145,0.603,-0.11,0.421,0.505,0.275,0.155,0.132,0.154,0.342,-0.078,-0.099,0.208,-0.042,0.505,-0.203,-0.075,0.414,0.645,0.559,0.334,0.155,0.058,0.4,0.264,-0.001,0.465,-0.053,0.274,0.662,0.552,0.76,0.205,0.524,0.747,0.127,-0.379
OCGN,0.452,-0.027,0.561,-0.252,-0.092,-0.201,0.411,0.694,0.001,0.26,-0.104,0.454,0.652,0.139,0.202,-0.177,-0.005,-0.141,0.531,0.385,-0.132,-0.399,0.563,0.172,0.418,0.137,0.045,0.198,0.687,-0.016,0.499,0.259,0.235,0.511,0.655,0.488,-0.052,0.285,-0.063,0.438,-0.115,0.314,0.409,-0.285,0.507,0.14,0.11,0.151,0.073,0.052,0.027,0.037,-0.267,0.467,0.091,-0.08,-0.172,-0.308,0.165,-0.114,0.564,1.0,0.103,-0.009,0.629,-0.147,-0.015,0.423,0.398,0.073,-0.285,0.116,0.475,-0.19,-0.226,-0.074,0.04,0.527,-0.173,-0.313,0.358,0.209,0.442,0.283,-0.185,-0.193,0.578,-0.085,-0.254,0.422,-0.158,-0.005,0.464,0.487,0.606,0.321,0.497,0.617,-0.207,-0.33
ON,0.486,0.531,0.085,0.392,0.671,0.508,-0.318,0.011,0.604,-0.238,0.292,0.477,-0.288,-0.036,-0.392,0.049,0.566,0.364,0.323,0.137,0.222,0.019,0.399,0.68,0.701,0.604,0.544,0.24,0.489,0.33,0.051,0.366,0.374,0.525,0.539,0.55,0.564,-0.26,-0.07,0.258,0.585,0.42,0.464,0.259,-0.04,0.335,0.822,0.575,0.488,0.328,0.168,0.666,0.431,0.036,-0.325,0.259,0.683,0.447,-0.011,0.545,0.412,0.103,1.0,0.621,0.142,0.486,0.587,-0.138,-0.153,0.104,0.635,0.64,-0.158,0.349,0.461,0.636,-0.011,-0.135,0.328,0.585,0.542,0.681,0.517,0.422,0.531,0.528,0.221,0.561,0.519,0.301,0.627,0.692,0.463,0.415,0.361,-0.296,0.244,0.074,-0.258,-0.068
OPK,0.117,0.38,-0.243,0.704,0.743,0.331,-0.554,-0.224,0.507,-0.329,0.462,0.442,-0.507,-0.207,-0.573,0.065,0.799,0.715,-0.06,-0.015,0.51,-0.02,-0.013,0.576,0.582,0.682,0.508,0.063,0.451,0.575,-0.222,-0.093,-0.048,0.142,0.269,0.223,0.725,-0.464,0.347,-0.173,0.55,0.029,0.128,0.641,-0.454,0.026,0.741,0.128,0.07,-0.127,0.54,0.739,0.401,0.002,-0.137,0.602,0.776,0.724,0.083,0.686,0.145,-0.009,0.621,1.0,-0.197,0.801,0.482,-0.411,-0.515,0.251,0.498,0.777,-0.516,0.673,0.547,0.689,-0.05,-0.53,0.638,0.82,0.126,0.575,0.456,-0.047,0.576,0.543,-0.221,0.409,0.692,0.21,0.869,0.721,0.103,0.149,-0.103,-0.082,0.38,-0.332,-0.29,0.341
PAA,0.636,0.242,0.755,-0.411,-0.247,0.12,0.614,0.765,0.123,0.068,-0.188,0.31,0.697,0.364,0.473,-0.021,-0.149,-0.434,0.851,0.489,-0.398,-0.099,0.717,0.313,0.302,-0.104,0.004,0.398,0.556,-0.282,0.751,0.722,0.723,0.772,0.739,0.689,-0.084,0.513,-0.501,0.677,0.042,0.578,0.712,-0.485,0.703,0.324,0.206,0.57,0.46,0.649,-0.264,-0.107,0.006,0.345,0.029,-0.537,-0.191,-0.307,0.039,-0.206,0.603,0.629,0.142,-0.197,1.0,-0.405,-0.01,0.499,0.728,-0.092,0.075,-0.15,0.694,-0.523,-0.208,-0.034,0.135,0.723,-0.577,-0.357,0.537,0.392,0.292,0.627,-0.264,-0.219,0.709,0.212,-0.232,0.206,-0.396,-0.016,0.666,0.621,0.749,-0.049,0.193,0.82,0.103,-0.618
PACB,-0.016,0.214,-0.439,0.695,0.571,0.274,-0.663,-0.431,0.414,-0.236,0.436,0.269,-0.617,-0.298,-0.611,0.16,0.684,0.768,-0.275,-0.112,0.634,-0.009,-0.246,0.42,0.46,0.585,0.463,-0.183,0.213,0.532,-0.466,-0.347,-0.313,-0.122,-0.034,-0.098,0.657,-0.458,0.476,-0.359,0.361,-0.25,-0.168,0.684,-0.65,-0.01,0.556,-0.004,-0.117,-0.358,0.582,0.708,0.328,-0.019,-0.14,0.694,0.6,0.604,0.095,0.537,-0.11,-0.147,0.486,0.801,-0.405,1.0,0.339,-0.551,-0.672,0.324,0.429,0.771,-0.579,0.617,0.463,0.619,-0.186,-0.633,0.732,0.835,-0.112,0.336,0.345,-0.304,0.608,0.566,-0.238,0.296,0.625,0.144,0.842,0.628,-0.066,-0.008,-0.247,-0.025,0.323,-0.595,-0.269,0.591
PANW,0.117,0.599,0.051,0.628,0.617,0.483,-0.372,-0.055,0.727,-0.062,0.59,0.315,-0.17,-0.001,-0.442,0.344,0.693,0.452,0.228,0.319,0.359,0.261,0.237,0.513,0.532,0.537,0.63,0.178,0.292,0.281,0.152,0.228,0.264,0.196,0.319,0.3,0.68,-0.247,0.236,-0.057,0.621,0.242,0.373,0.536,-0.129,0.376,0.671,0.508,0.397,0.216,0.447,0.475,0.58,0.126,-0.015,0.373,0.617,0.351,0.32,0.712,0.421,-0.015,0.587,0.482,-0.01,0.339,1.0,0.008,-0.221,0.4,0.565,0.396,-0.344,0.501,0.592,0.693,-0.113,-0.064,0.41,0.475,0.219,0.614,0.546,-0.006,0.571,0.541,-0.081,0.676,0.54,0.483,0.51,0.719,0.19,0.171,0.119,0.077,0.333,0.049,-0.009,0.222
PARA,0.34,-0.068,0.741,-0.32,-0.359,-0.19,0.54,0.573,0.014,0.413,-0.021,0.1,0.703,0.19,0.61,0.217,-0.229,-0.39,0.503,0.667,-0.405,-0.095,0.398,-0.019,0.047,-0.075,-0.218,0.155,0.149,-0.358,0.519,0.327,0.307,0.295,0.365,0.357,-0.259,0.352,-0.136,0.535,-0.293,0.262,0.302,-0.296,0.471,0.284,-0.13,0.148,0.023,0.326,-0.046,-0.435,-0.176,0.475,0.504,-0.364,-0.451,-0.537,0.391,-0.283,0.505,0.423,-0.138,-0.411,0.499,-0.551,0.008,1.0,0.505,-0.025,-0.274,-0.365,0.658,-0.465,-0.352,-0.209,-0.14,0.625,-0.401,-0.488,0.141,0.105,0.196,0.128,-0.204,-0.283,0.291,-0.035,-0.391,0.255,-0.441,-0.185,0.396,0.337,0.434,0.264,0.219,0.668,0.502,-0.31
PDD,0.379,0.077,0.667,-0.62,-0.361,0.014,0.69,0.666,-0.161,0.052,-0.396,0.222,0.64,0.457,0.515,-0.249,-0.46,-0.58,0.713,0.209,-0.693,-0.003,0.474,0.032,-0.105,-0.301,-0.092,0.336,0.268,-0.406,0.617,0.591,0.578,0.551,0.391,0.36,-0.412,0.446,-0.529,0.551,-0.07,0.528,0.499,-0.61,0.712,0.094,-0.171,0.253,0.286,0.521,-0.617,-0.285,-0.123,0.016,-0.055,-0.655,-0.41,-0.532,-0.221,-0.375,0.275,0.398,-0.153,-0.515,0.728,-0.672,-0.221,0.505,1.0,-0.345,-0.168,-0.331,0.719,-0.636,-0.315,-0.287,0.285,0.719,-0.683,-0.628,0.337,-0.014,-0.096,0.531,-0.395,-0.375,0.563,-0.062,-0.451,-0.085,-0.646,-0.374,0.389,0.525,0.486,-0.145,-0.239,0.644,0.149,-0.615
PENN,-0.084,0.11,0.129,0.443,0.216,0.007,-0.192,-0.198,0.419,0.403,0.692,-0.143,0.005,-0.331,-0.231,0.437,0.39,0.437,-0.041,0.333,0.638,-0.127,0.192,0.038,0.141,0.466,0.229,-0.289,0.031,0.241,-0.115,-0.265,-0.231,-0.307,-0.093,-0.126,0.553,0.042,0.467,-0.209,0.29,-0.267,-0.232,0.495,-0.302,0.264,0.285,0.061,-0.187,-0.164,0.712,0.069,0.232,0.446,0.315,0.45,0.197,0.296,0.565,0.258,0.155,0.073,0.104,0.251,-0.092,0.324,0.4,-0.025,-0.345,1.0,0.192,0.252,-0.127,0.314,0.205,0.365,-0.442,-0.119,0.402,0.445,-0.159,0.183,0.428,-0.291,0.283,0.391,-0.305,0.325,0.407,0.578,0.326,0.399,0.009,-0.223,-0.122,0.47,0.618,-0.11,-0.094,0.521
PEP,0.246,0.734,-0.087,0.551,0.586,0.73,-0.456,-0.228,0.757,-0.426,0.394,0.13,-0.414,0.154,-0.361,0.321,0.579,0.348,0.286,0.144,0.261,0.512,0.266,0.628,0.424,0.342,0.535,0.211,0.177,0.227,-0.062,0.431,0.445,0.258,0.248,0.304,0.72,-0.229,-0.125,-0.055,0.648,0.244,0.403,0.477,-0.187,0.37,0.782,0.686,0.549,0.52,0.264,0.513,0.751,-0.165,-0.281,0.124,0.608,0.598,-0.068,0.578,0.132,-0.285,0.635,0.498,0.075,0.429,0.565,-0.274,-0.168,0.192,1.0,0.387,-0.307,0.306,0.697,0.733,0.098,-0.229,0.228,0.636,0.408,0.663,0.431,0.216,0.471,0.661,-0.078,0.785,0.624,0.14,0.508,0.756,0.336,0.175,0.046,-0.451,0.102,-0.103,0.003,0.13
PLUG,0.238,0.213,-0.085,0.534,0.61,0.193,-0.437,-0.183,0.44,-0.225,0.448,0.582,-0.41,-0.264,-0.534,-0.048,0.676,0.624,0.044,-0.026,0.477,-0.191,0.067,0.592,0.566,0.72,0.525,0.011,0.464,0.675,-0.228,-0.132,-0.118,0.164,0.246,0.168,0.603,-0.377,0.406,0.017,0.544,0.067,0.017,0.494,-0.343,0.059,0.634,0.023,-0.033,-0.22,0.418,0.854,0.232,0.04,-0.146,0.557,0.661,0.525,0.071,0.527,0.154,0.116,0.64,0.777,-0.15,0.771,0.396,-0.365,-0.331,0.252,0.387,1.0,-0.336,0.522,0.323,0.624,-0.178,-0.406,0.562,0.738,0.112,0.485,0.496,-0.039,0.673,0.599,0.028,0.269,0.609,0.197,0.717,0.601,0.217,0.278,0.034,-0.053,0.372,-0.281,-0.283,0.284
PTEN,0.474,-0.175,0.69,-0.624,-0.597,-0.242,0.839,0.63,-0.196,0.363,-0.325,0.102,0.795,0.285,0.751,-0.101,-0.496,-0.575,0.624,0.413,-0.516,-0.268,0.481,-0.061,-0.058,-0.272,-0.265,0.169,0.212,-0.373,0.528,0.363,0.32,0.434,0.358,0.313,-0.421,0.567,-0.455,0.66,-0.272,0.289,0.283,-0.675,0.606,0.217,-0.239,0.067,0.019,0.436,-0.335,-0.387,-0.314,0.391,0.234,-0.623,-0.463,-0.59,0.133,-0.55,0.342,0.475,-0.158,-0.516,0.694,-0.579,-0.344,0.658,0.719,-0.127,-0.307,-0.336,1.0,-0.73,-0.543,-0.359,-0.017,0.732,-0.692,-0.52,0.146,-0.03,0.009,0.447,-0.337,-0.425,0.492,-0.149,-0.407,0.036,-0.601,-0.391,0.434,0.367,0.516,0.084,0.046,0.671,0.246,-0.59
PTON,-0.296,0.327,-0.451,0.739,0.727,0.332,-0.66,-0.431,0.34,-0.313,0.368,0.137,-0.604,-0.182,-0.795,-0.018,0.677,0.722,-0.404,-0.283,0.449,0.086,-0.169,0.256,0.266,0.506,0.355,0.095,0.116,0.506,-0.478,-0.29,-0.265,-0.218,-0.089,-0.098,0.655,-0.679,0.539,-0.508,0.452,-0.185,-0.129,0.755,-0.603,-0.039,0.448,-0.078,-0.046,-0.448,0.398,0.483,0.4,-0.168,-0.31,0.668,0.635,0.518,0.019,0.642,-0.078,-0.19,0.349,0.673,-0.523,0.617,0.501,-0.465,-0.636,0.314,0.306,0.522,-0.73,1.0,0.61,0.576,0.05,-0.571,0.755,0.581,-0.003,0.205,0.28,-0.405,0.492,0.579,-0.374,0.235,0.603,0.158,0.667,0.545,-0.262,-0.09,-0.383,-0.066,0.335,-0.435,-0.324,0.619
PYPL,-0.108,0.808,-0.337,0.68,0.771,0.83,-0.589,-0.3,0.669,-0.423,0.297,0.104,-0.503,0.278,-0.6,0.295,0.671,0.611,0.013,-0.074,0.31,0.667,0.074,0.5,0.368,0.334,0.621,0.324,0.133,0.342,-0.271,0.278,0.304,0.084,0.103,0.113,0.696,-0.487,0.088,-0.334,0.617,0.043,0.281,0.642,-0.374,0.241,0.616,0.423,0.523,0.161,0.294,0.519,0.854,-0.267,-0.406,0.481,0.669,0.548,-0.1,0.711,-0.099,-0.226,0.461,0.547,-0.208,0.463,0.592,-0.352,-0.315,0.205,0.697,0.323,-0.543,0.61,1.0,0.723,0.237,-0.322,0.58,0.542,0.256,0.426,0.378,-0.089,0.428,0.551,-0.198,0.703,0.673,0.138,0.651,0.727,0.0,-0.002,-0.225,-0.318,0.067,-0.295,-0.21,0.369
QCOM,0.144,0.717,-0.101,0.738,0.711,0.65,-0.511,-0.149,0.841,-0.335,0.546,0.415,-0.391,0.097,-0.541,0.355,0.807,0.598,0.208,0.223,0.417,0.323,0.199,0.724,0.635,0.649,0.542,0.217,0.352,0.464,-0.158,0.233,0.25,0.256,0.341,0.321,0.874,-0.418,0.255,-0.072,0.695,0.111,0.347,0.671,-0.328,0.388,0.831,0.446,0.371,0.136,0.489,0.724,0.719,0.078,-0.206,0.44,0.689,0.512,0.232,0.745,0.208,-0.074,0.636,0.689,-0.034,0.619,0.693,-0.209,-0.287,0.365,0.733,0.624,-0.359,0.576,0.723,1.0,-0.035,-0.27,0.505,0.701,0.204,0.684,0.642,-0.135,0.716,0.799,-0.097,0.771,0.775,0.309,0.652,0.833,0.262,0.288,0.001,-0.228,0.358,-0.192,-0.128,0.315
QVCGA,0.018,0.276,-0.14,-0.163,0.087,0.324,0.061,0.313,-0.09,-0.523,-0.502,0.063,-0.001,0.525,-0.129,-0.378,-0.028,-0.116,0.089,-0.282,-0.34,0.387,0.086,0.082,0.022,-0.277,-0.055,0.39,0.129,-0.091,0.008,0.311,0.286,0.241,0.191,0.191,-0.142,-0.212,-0.394,0.003,-0.026,0.246,0.358,-0.178,0.284,-0.059,-0.019,0.106,0.371,0.167,-0.459,0.072,0.075,-0.393,-0.47,-0.255,0.016,-0.085,-0.475,0.032,-0.042,0.04,-0.011,-0.05,0.135,-0.186,-0.113,-0.14,0.285,-0.442,0.098,-0.178,-0.017,0.05,0.237,-0.035,1.0,0.12,-0.193,-0.248,0.334,0.003,-0.128,0.249,-0.251,-0.107,0.185,0.003,-0.053,-0.404,-0.129,-0.122,0.042,0.251,-0.011,-0.336,-0.258,0.078,-0.111,-0.279
RIOT,0.453,0.099,0.717,-0.452,-0.482,-0.069,0.671,0.675,-0.041,0.294,-0.205,0.108,0.854,0.429,0.535,0.009,-0.364,-0.574,0.693,0.494,-0.42,-0.067,0.59,0.001,0.135,-0.205,-0.119,0.273,0.254,-0.334,0.69,0.537,0.506,0.446,0.472,0.466,-0.278,0.526,-0.353,0.626,-0.096,0.427,0.472,-0.543,0.712,0.493,-0.132,0.303,0.338,0.448,-0.309,-0.336,-0.102,0.401,0.15,-0.521,-0.389,-0.545,0.247,-0.28,0.505,0.527,-0.135,-0.53,0.723,-0.633,-0.064,0.625,0.719,-0.119,-0.229,-0.406,0.732,-0.571,-0.322,-0.27,0.12,1.0,-0.582,-0.642,0.334,0.091,0.157,0.383,-0.284,-0.324,0.596,0.063,-0.44,0.291,-0.637,-0.25,0.479,0.361,0.7,0.193,0.108,0.815,0.211,-0.545
ROKU,-0.326,0.207,-0.424,0.732,0.619,0.253,-0.688,-0.458,0.344,-0.085,0.506,0.063,-0.611,-0.332,-0.669,0.289,0.613,0.833,-0.421,-0.14,0.555,0.033,-0.249,0.174,0.249,0.55,0.399,-0.221,-0.002,0.447,-0.535,-0.359,-0.331,-0.296,-0.19,-0.187,0.571,-0.54,0.672,-0.482,0.358,-0.33,-0.292,0.76,-0.688,-0.1,0.38,-0.15,-0.162,-0.492,0.567,0.429,0.366,-0.018,-0.069,0.935,0.539,0.505,0.131,0.53,-0.203,-0.173,0.328,0.638,-0.577,0.732,0.41,-0.401,-0.683,0.402,0.228,0.562,-0.692,0.755,0.58,0.505,-0.193,-0.582,1.0,0.636,-0.157,0.134,0.278,-0.446,0.533,0.433,-0.372,0.227,0.605,0.295,0.757,0.566,-0.31,-0.214,-0.392,0.124,0.278,-0.587,-0.215,0.786
RUN,-0.031,0.315,-0.328,0.72,0.626,0.354,-0.657,-0.489,0.543,-0.211,0.563,0.124,-0.646,-0.307,-0.558,0.284,0.714,0.738,-0.187,-0.0,0.709,0.095,-0.11,0.441,0.358,0.633,0.488,-0.142,0.137,0.59,-0.398,-0.195,-0.158,-0.104,-0.037,-0.031,0.762,-0.4,0.333,-0.285,0.546,-0.211,-0.131,0.712,-0.593,0.096,0.665,0.138,0.001,-0.083,0.598,0.674,0.475,-0.031,-0.083,0.612,0.762,0.726,0.128,0.588,-0.075,-0.313,0.585,0.82,-0.357,0.835,0.475,-0.488,-0.628,0.445,0.636,0.738,-0.52,0.581,0.542,0.701,-0.248,-0.642,0.636,1.0,-0.079,0.423,0.383,-0.145,0.63,0.646,-0.405,0.478,0.764,0.193,0.868,0.717,-0.02,-0.124,-0.258,-0.085,0.285,-0.514,-0.175,0.503
SABR,0.624,0.463,0.385,-0.109,0.361,0.411,0.151,0.394,0.316,-0.249,-0.031,0.276,0.124,0.324,-0.011,-0.165,0.112,-0.226,0.56,0.149,-0.262,0.086,0.629,0.45,0.531,0.11,0.243,0.501,0.488,-0.007,0.355,0.652,0.683,0.604,0.661,0.632,0.171,-0.043,-0.394,0.492,0.242,0.611,0.652,-0.16,0.355,0.403,0.493,0.653,0.626,0.504,-0.206,0.211,0.259,0.027,-0.307,-0.251,0.158,0.133,-0.186,0.208,0.414,0.358,0.542,0.126,0.537,-0.112,0.219,0.141,0.337,-0.159,0.408,0.112,0.146,-0.003,0.256,0.204,0.334,0.334,-0.157,-0.079,1.0,0.467,0.389,0.632,-0.057,0.243,0.597,0.375,0.038,0.169,0.022,0.316,0.677,0.572,0.531,-0.365,0.153,0.485,-0.154,-0.396
SBUX,0.594,0.653,0.271,0.451,0.49,0.495,-0.185,0.237,0.76,-0.156,0.424,0.598,0.055,0.101,-0.126,0.294,0.699,0.267,0.573,0.472,0.179,0.173,0.456,0.828,0.753,0.573,0.512,0.36,0.502,0.194,0.314,0.515,0.515,0.58,0.701,0.73,0.639,-0.067,-0.053,0.333,0.609,0.516,0.673,0.291,0.147,0.519,0.826,0.648,0.52,0.497,0.391,0.548,0.507,0.301,-0.039,0.044,0.536,0.439,0.304,0.571,0.645,0.209,0.681,0.575,0.392,0.336,0.614,0.105,-0.014,0.183,0.663,0.485,-0.03,0.205,0.426,0.684,0.003,0.091,0.134,0.423,0.467,1.0,0.64,0.313,0.514,0.472,0.269,0.699,0.5,0.368,0.419,0.743,0.641,0.554,0.478,-0.195,0.443,0.314,0.074,-0.174
SMCI,0.334,0.494,0.348,0.515,0.418,0.32,-0.194,0.193,0.729,0.072,0.489,0.401,0.14,0.028,-0.196,0.366,0.626,0.328,0.473,0.577,0.32,-0.019,0.592,0.579,0.708,0.593,0.449,0.217,0.604,0.422,0.208,0.264,0.283,0.334,0.605,0.461,0.68,-0.112,0.192,0.198,0.43,0.196,0.346,0.437,0.047,0.483,0.7,0.462,0.282,0.17,0.55,0.501,0.403,0.401,0.178,0.313,0.343,0.329,0.392,0.519,0.559,0.442,0.517,0.456,0.292,0.345,0.546,0.196,-0.096,0.428,0.431,0.496,0.009,0.28,0.378,0.642,-0.128,0.157,0.278,0.383,0.389,0.64,1.0,0.002,0.38,0.534,0.225,0.519,0.488,0.613,0.344,0.687,0.445,0.375,0.388,0.142,0.677,0.267,0.05,0.119
SNDL,0.579,0.164,0.401,-0.41,-0.014,0.139,0.444,0.454,-0.012,-0.097,-0.234,0.223,0.268,0.203,0.271,-0.294,-0.197,-0.361,0.581,0.063,-0.408,-0.096,0.49,0.231,0.194,-0.073,0.12,0.329,0.365,-0.256,0.517,0.606,0.594,0.665,0.506,0.522,-0.164,0.296,-0.595,0.532,0.12,0.598,0.555,-0.507,0.523,0.143,0.231,0.478,0.445,0.667,-0.432,-0.013,-0.011,-0.032,-0.261,-0.476,0.072,-0.011,-0.279,-0.138,0.334,0.283,0.422,-0.047,0.627,-0.304,-0.006,0.128,0.531,-0.291,0.216,-0.039,0.447,-0.405,-0.089,-0.135,0.249,0.383,-0.446,-0.145,0.632,0.313,0.002,1.0,-0.248,-0.182,0.55,0.157,-0.126,-0.029,-0.156,0.007,0.508,0.461,0.547,-0.312,-0.129,0.514,-0.13,-0.65
STNE,0.127,0.379,-0.192,0.7,0.497,0.371,-0.468,-0.211,0.611,-0.24,0.574,0.447,-0.363,-0.107,-0.44,0.288,0.711,0.598,0.009,0.125,0.428,0.091,-0.055,0.625,0.497,0.623,0.501,-0.024,0.172,0.497,-0.266,-0.03,-0.033,0.06,0.126,0.186,0.654,-0.376,0.492,-0.02,0.588,0.043,0.086,0.582,-0.444,0.232,0.614,0.123,0.145,-0.084,0.496,0.639,0.478,0.156,-0.048,0.46,0.662,0.366,0.319,0.599,0.155,-0.185,0.531,0.576,-0.264,0.608,0.571,-0.204,-0.395,0.283,0.471,0.673,-0.337,0.492,0.428,0.716,-0.251,-0.284,0.533,0.63,-0.057,0.514,0.38,-0.248,1.0,0.603,-0.148,0.508,0.627,0.232,0.635,0.663,0.184,0.108,-0.055,-0.06,0.26,-0.247,-0.008,0.372
TCOM,0.112,0.474,-0.124,0.619,0.647,0.408,-0.513,-0.38,0.622,-0.324,0.546,0.216,-0.501,-0.006,-0.617,0.142,0.614,0.403,0.017,0.038,0.434,0.229,0.099,0.539,0.524,0.624,0.358,0.089,0.177,0.514,-0.288,-0.009,0.028,-0.003,0.104,0.106,0.75,-0.411,0.33,-0.107,0.613,-0.007,0.05,0.651,-0.44,0.435,0.651,0.275,0.192,-0.051,0.464,0.623,0.508,-0.033,-0.178,0.371,0.493,0.576,0.216,0.703,0.058,-0.193,0.528,0.543,-0.219,0.566,0.541,-0.283,-0.375,0.391,0.661,0.599,-0.425,0.579,0.551,0.799,-0.107,-0.324,0.433,0.646,0.243,0.472,0.534,-0.182,0.603,1.0,-0.185,0.523,0.632,0.244,0.541,0.675,0.218,0.156,-0.127,-0.186,0.322,-0.284,-0.135,0.35
TLRY,0.618,0.14,0.485,-0.421,-0.14,0.132,0.466,0.61,0.027,-0.001,-0.299,0.435,0.477,0.283,0.307,-0.158,-0.173,-0.399,0.621,0.182,-0.426,-0.187,0.501,0.306,0.34,-0.093,0.083,0.455,0.433,-0.115,0.492,0.554,0.549,0.644,0.607,0.559,-0.206,0.266,-0.381,0.632,-0.05,0.525,0.523,-0.509,0.575,0.286,0.094,0.388,0.408,0.364,-0.385,0.076,-0.074,0.208,-0.176,-0.397,-0.177,-0.304,-0.056,-0.171,0.4,0.578,0.221,-0.221,0.709,-0.238,-0.081,0.291,0.563,-0.305,-0.078,0.028,0.492,-0.374,-0.198,-0.097,0.185,0.596,-0.372,-0.405,0.597,0.269,0.225,0.55,-0.148,-0.185,1.0,0.042,-0.226,0.063,-0.351,-0.053,0.569,0.638,0.696,-0.165,0.076,0.611,-0.019,-0.56
TMUS,0.277,0.81,0.085,0.515,0.515,0.748,-0.29,0.036,0.82,-0.234,0.465,0.204,-0.134,0.231,-0.204,0.538,0.625,0.331,0.416,0.412,0.305,0.506,0.321,0.614,0.537,0.427,0.59,0.271,0.247,0.157,0.129,0.532,0.541,0.328,0.395,0.449,0.72,-0.1,-0.073,0.088,0.625,0.261,0.548,0.409,-0.052,0.598,0.737,0.72,0.652,0.533,0.367,0.443,0.813,0.162,-0.161,0.154,0.6,0.393,0.243,0.587,0.264,-0.085,0.561,0.409,0.212,0.296,0.676,-0.035,-0.062,0.325,0.785,0.269,-0.149,0.235,0.703,0.771,0.003,0.063,0.227,0.478,0.375,0.699,0.519,0.157,0.508,0.523,0.042,1.0,0.577,0.4,0.425,0.735,0.4,0.196,0.193,-0.22,0.219,0.074,-0.03,0.079
TSCO,-0.072,0.504,-0.27,0.727,0.639,0.554,-0.468,-0.354,0.656,-0.271,0.509,0.237,-0.518,-0.087,-0.523,0.294,0.742,0.675,-0.023,0.06,0.422,0.245,0.069,0.534,0.391,0.547,0.575,0.107,0.189,0.486,-0.304,0.008,0.048,0.047,0.073,0.068,0.723,-0.467,0.32,-0.199,0.695,-0.021,0.045,0.668,-0.528,0.129,0.671,0.16,0.194,0.027,0.499,0.641,0.632,-0.103,-0.094,0.527,0.715,0.661,0.074,0.636,-0.001,-0.254,0.519,0.692,-0.232,0.625,0.54,-0.391,-0.451,0.407,0.624,0.609,-0.407,0.603,0.673,0.775,-0.053,-0.44,0.605,0.764,0.038,0.5,0.488,-0.126,0.627,0.632,-0.226,0.577,1.0,0.127,0.693,0.734,-0.03,0.074,-0.231,-0.22,0.256,-0.388,-0.03,0.434
TSLA,0.223,0.275,0.439,0.301,0.217,0.028,-0.121,0.156,0.402,0.414,0.533,0.1,0.283,-0.212,-0.045,0.444,0.319,0.183,0.311,0.632,0.42,-0.175,0.408,0.144,0.415,0.541,0.3,-0.135,0.319,0.148,0.315,0.093,0.122,0.064,0.366,0.366,0.482,0.214,0.228,0.116,0.325,0.039,0.175,0.284,0.134,0.505,0.366,0.364,0.09,0.061,0.541,0.058,0.213,0.56,0.223,0.358,0.204,0.13,0.564,0.349,0.465,0.422,0.301,0.21,0.206,0.144,0.483,0.255,-0.085,0.578,0.14,0.197,0.036,0.158,0.138,0.309,-0.404,0.291,0.295,0.193,0.169,0.368,0.613,-0.029,0.232,0.244,0.063,0.4,0.127,1.0,0.177,0.438,0.268,0.026,0.364,0.488,0.616,0.306,-0.093,0.197
TTD,-0.015,0.351,-0.407,0.71,0.767,0.407,-0.698,-0.397,0.499,-0.283,0.48,0.252,-0.637,-0.197,-0.638,0.171,0.763,0.798,-0.236,-0.064,0.615,0.169,-0.147,0.511,0.479,0.628,0.57,-0.055,0.229,0.58,-0.444,-0.186,-0.142,-0.023,0.036,0.028,0.683,-0.538,0.371,-0.282,0.507,-0.115,-0.013,0.7,-0.61,0.014,0.656,0.118,0.095,-0.196,0.573,0.7,0.461,-0.062,-0.164,0.699,0.776,0.678,0.042,0.634,-0.053,-0.158,0.627,0.869,-0.396,0.842,0.51,-0.441,-0.646,0.326,0.508,0.717,-0.601,0.667,0.651,0.652,-0.129,-0.637,0.757,0.868,0.022,0.419,0.344,-0.156,0.635,0.541,-0.351,0.425,0.693,0.177,1.0,0.739,-0.001,-0.054,-0.254,-0.092,0.28,-0.503,-0.305,0.49
TXN,0.223,0.66,-0.066,0.778,0.71,0.628,-0.546,-0.16,0.86,-0.222,0.592,0.346,-0.329,-0.028,-0.463,0.392,0.809,0.6,0.244,0.289,0.457,0.267,0.27,0.737,0.641,0.666,0.677,0.171,0.37,0.464,-0.097,0.254,0.293,0.245,0.357,0.336,0.885,-0.366,0.243,-0.055,0.699,0.155,0.319,0.698,-0.324,0.362,0.895,0.521,0.384,0.197,0.586,0.659,0.716,0.115,-0.067,0.484,0.721,0.632,0.192,0.757,0.274,-0.005,0.692,0.721,-0.016,0.628,0.719,-0.185,-0.374,0.399,0.756,0.601,-0.391,0.545,0.727,0.833,-0.122,-0.25,0.566,0.717,0.316,0.743,0.687,0.007,0.663,0.675,-0.053,0.735,0.734,0.438,0.739,1.0,0.322,0.199,0.099,-0.123,0.484,-0.08,-0.051,0.332
UAL,0.931,0.333,0.598,-0.127,0.073,0.206,0.271,0.513,0.414,0.005,0.136,0.392,0.417,0.251,0.248,0.063,0.15,-0.27,0.744,0.496,-0.085,-0.026,0.648,0.601,0.636,0.217,0.133,0.332,0.497,0.028,0.459,0.619,0.606,0.662,0.753,0.717,0.205,0.232,-0.295,0.815,0.246,0.546,0.656,-0.251,0.458,0.539,0.486,0.59,0.48,0.52,0.038,0.243,0.152,0.431,0.022,-0.353,0.084,-0.011,0.226,0.083,0.662,0.464,0.463,0.103,0.666,-0.066,0.19,0.396,0.389,0.009,0.336,0.217,0.434,-0.262,0.0,0.262,0.042,0.479,-0.31,-0.02,0.677,0.641,0.445,0.508,0.184,0.218,0.569,0.4,-0.03,0.268,-0.001,0.322,1.0,0.591,0.734,-0.134,0.371,0.617,0.082,-0.483
VOD,0.581,0.293,0.488,-0.117,0.167,0.208,0.343,0.605,0.26,-0.182,-0.054,0.717,0.308,0.278,0.047,-0.264,0.183,-0.102,0.657,0.264,-0.4,-0.124,0.522,0.58,0.567,0.28,0.212,0.454,0.667,-0.087,0.459,0.533,0.534,0.767,0.733,0.659,0.076,-0.062,-0.149,0.516,0.176,0.605,0.689,-0.132,0.355,0.233,0.437,0.378,0.342,0.349,-0.192,0.306,0.048,0.131,-0.146,-0.277,0.026,-0.088,-0.036,0.114,0.552,0.487,0.415,0.149,0.621,-0.008,0.171,0.337,0.525,-0.223,0.175,0.278,0.367,-0.09,-0.002,0.288,0.251,0.361,-0.214,-0.124,0.572,0.554,0.375,0.461,0.108,0.156,0.638,0.196,0.074,0.026,-0.054,0.199,0.591,1.0,0.552,-0.29,0.199,0.473,0.037,-0.377
VTRS,0.734,0.19,0.641,-0.258,-0.195,0.022,0.352,0.648,0.209,0.232,-0.057,0.386,0.653,0.197,0.314,0.037,-0.044,-0.351,0.769,0.521,-0.177,-0.256,0.694,0.36,0.516,0.102,0.084,0.298,0.514,-0.149,0.681,0.627,0.575,0.721,0.767,0.751,-0.014,0.394,-0.346,0.749,0.092,0.617,0.657,-0.44,0.697,0.453,0.303,0.545,0.452,0.517,-0.171,0.079,-0.056,0.475,0.021,-0.364,-0.063,-0.248,0.193,-0.11,0.76,0.606,0.361,-0.103,0.749,-0.247,0.119,0.434,0.486,-0.122,0.046,0.034,0.516,-0.383,-0.225,0.001,-0.011,0.7,-0.392,-0.258,0.531,0.478,0.388,0.547,-0.055,-0.127,0.696,0.193,-0.231,0.364,-0.254,0.099,0.734,0.552,1.0,0.009,0.314,0.797,0.065,-0.599
VXRT,-0.12,-0.349,0.271,0.036,-0.278,-0.5,0.184,0.096,-0.126,0.547,0.229,-0.107,0.371,-0.34,0.106,0.147,-0.005,0.078,-0.119,0.318,0.37,-0.393,-0.039,-0.316,-0.013,0.165,-0.129,-0.409,0.075,0.044,0.259,-0.372,-0.349,-0.309,-0.038,-0.15,-0.044,0.261,0.419,-0.039,-0.246,-0.289,-0.322,0.077,0.049,0.006,-0.228,-0.305,-0.42,-0.345,0.445,-0.205,-0.304,0.44,0.58,0.319,-0.143,-0.196,0.601,0.012,0.205,0.321,-0.296,-0.082,-0.049,-0.025,0.077,0.264,-0.145,0.47,-0.451,-0.053,0.084,-0.066,-0.318,-0.228,-0.336,0.193,0.124,-0.085,-0.365,-0.195,0.142,-0.312,-0.06,-0.186,-0.165,-0.22,-0.22,0.488,-0.092,-0.123,-0.134,-0.29,0.009,1.0,0.403,0.127,0.056,0.237
WBA,0.298,0.119,0.325,0.402,0.196,-0.06,-0.091,0.214,0.428,0.276,0.53,0.223,0.267,-0.221,-0.125,0.26,0.452,0.322,0.233,0.488,0.418,-0.34,0.396,0.289,0.5,0.535,0.178,0.048,0.448,0.29,0.092,-0.066,-0.072,0.082,0.394,0.271,0.557,-0.026,0.419,0.124,0.166,-0.016,0.077,0.376,-0.046,0.344,0.463,0.145,-0.135,-0.149,0.62,0.21,0.094,0.666,0.322,0.29,0.179,0.169,0.569,0.238,0.524,0.497,0.244,0.38,0.193,0.323,0.333,0.219,-0.239,0.618,0.102,0.372,0.046,0.335,0.067,0.358,-0.258,0.108,0.278,0.285,0.153,0.443,0.677,-0.129,0.26,0.322,0.076,0.219,0.256,0.616,0.28,0.484,0.371,0.199,0.314,0.403,1.0,0.27,-0.021,0.268
WBD,0.574,0.133,0.778,-0.373,-0.308,-0.026,0.609,0.742,0.062,0.231,-0.194,0.228,0.834,0.274,0.481,-0.055,-0.185,-0.494,0.757,0.501,-0.398,-0.178,0.722,0.176,0.228,-0.086,-0.098,0.403,0.438,-0.293,0.791,0.659,0.631,0.633,0.693,0.662,-0.144,0.465,-0.411,0.67,-0.061,0.587,0.622,-0.48,0.75,0.367,0.091,0.447,0.377,0.563,-0.265,-0.267,-0.093,0.422,0.105,-0.546,-0.207,-0.42,0.175,-0.182,0.747,0.617,0.074,-0.332,0.82,-0.595,0.049,0.668,0.644,-0.11,-0.103,-0.281,0.671,-0.435,-0.295,-0.192,0.078,0.815,-0.587,-0.514,0.485,0.314,0.267,0.514,-0.247,-0.284,0.611,0.074,-0.388,0.306,-0.503,-0.08,0.617,0.473,0.797,0.127,0.27,1.0,0.154,-0.646
WDC,0.055,-0.071,0.278,-0.02,-0.373,-0.07,0.163,0.073,0.09,0.23,0.069,-0.126,0.23,0.032,0.474,0.384,-0.129,-0.246,0.183,0.444,-0.243,0.132,-0.008,-0.025,-0.155,-0.19,-0.13,-0.052,-0.224,-0.211,0.188,0.08,0.086,-0.046,-0.045,0.029,-0.161,0.185,0.008,0.227,-0.098,-0.015,-0.017,-0.018,0.108,0.093,-0.117,-0.002,-0.052,0.242,0.066,-0.273,-0.027,0.13,0.647,-0.278,-0.344,-0.183,0.223,-0.147,0.127,-0.207,-0.258,-0.29,0.103,-0.269,-0.009,0.502,0.149,-0.094,0.003,-0.283,0.246,-0.324,-0.21,-0.128,-0.111,0.211,-0.215,-0.175,-0.154,0.074,0.05,-0.13,-0.008,-0.135,-0.019,-0.03,-0.03,-0.093,-0.305,-0.051,0.082,0.037,0.065,0.056,-0.021,0.154,1.0,-0.002
ZM,-0.536,0.011,-0.38,0.653,0.3,0.09,-0.557,-0.537,0.181,-0.009,0.516,-0.24,-0.525,-0.346,-0.519,0.33,0.379,0.713,-0.53,-0.097,0.498,0.035,-0.387,-0.113,-0.076,0.308,0.208,-0.372,-0.186,0.256,-0.566,-0.548,-0.515,-0.578,-0.484,-0.513,0.458,-0.427,0.762,-0.652,0.132,-0.57,-0.534,0.783,-0.779,-0.198,0.127,-0.287,-0.408,-0.57,0.546,0.113,0.277,-0.047,0.127,0.757,0.22,0.308,0.161,0.285,-0.379,-0.33,-0.068,0.341,-0.618,0.591,0.222,-0.31,-0.615,0.521,0.13,0.284,-0.59,0.619,0.369,0.315,-0.279,-0.545,0.786,0.503,-0.396,-0.174,0.119,-0.65,0.372,0.35,-0.56,0.079,0.434,0.197,0.49,0.332,-0.483,-0.377,-0.599,0.237,0.268,-0.646,-0.002,1.0
